Date_time,Op_min,Pxfmr_W,Pdc_W,Pgen_W,Damping,Pshore_W,WR_DateTime,WR_corr_EFlux_W/m,WR_corr_Te_s,WR_corr_Hm0_m
20160501_0000,30,556,549,0,21.1,369,20160501_0009,10452,7.15,1.65
20160501_0030,30,540,533,0,21.2,357,20160501_0039,10388,7.3,1.62
20160501_0100,30,592,586,0,21.3,404,20160501_0109,9935,7.38,1.57
20160501_0130,30,635,630,0,21.4,445,20160501_0139,9754,7.29,1.57
20160501_0200,30,552,547,0,21.5,383,20160501_0209,9896,7.09,1.61
20160501_0230,30,496,492,0,21.6,337,20160501_0239,8324,7.07,1.48
20160501_0300,30,492,488,0,21.6,333,20160501_0309,9217,7.2,1.54
20160501_0330,30,510,506,0,21.5,354,20160501_0339,8938,7.17,1.52
20160501_0400,30,524,520,0,21.4,362,20160501_0409,9252,7.14,1.55
20160501_0430,30,490,485,0,21.3,333,20160501_0439,8831,7.21,1.5
20160501_0500,30,406,400,0,21.2,263,20160501_0509,9210,7.17,1.54
20160501_0530,30,404,397,0,21.1,264,20160501_0539,7570,7,1.42
20160501_0600,30,420,413,0,21.1,276,20160501_0609,7682,7.07,1.42
20160501_0630,30,489,482,0,21.2,320,20160501_0639,7855,6.89,1.46
20160501_0700,30,583,578,0,21.3,399,20160501_0709,8068,6.87,1.48
20160501_0730,30,678,674,0,21.4,479,20160501_0739,8578,6.84,1.53
20160501_0800,30,657,653,0,21.5,463,20160501_0809,8522,6.63,1.55
20160501_0830,30,614,611,0,21.6,425,20160501_0839,9052,6.88,1.56
20160501_0900,30,568,564,0,21.6,391,20160501_0909,8060,6.76,1.49
20160501_0930,30,595,591,0,21.5,417,20160501_0939,8525,6.9,1.52
20160501_1000,30,689,685,0,21.4,487,20160501_1009,9742,6.87,1.62
20160501_1030,30,658,653,0,21.3,452,20160501_1039,9671,6.82,1.63
20160501_1100,30,618,612,0,21.2,416,20160501_1109,11098,6.7,1.76
20160501_1130,30,709,703,0,21.1,483,20160501_1139,10882,6.52,1.77
20160501_1200,30,638,633,0,21.1,430,20160501_1209,10290,6.58,1.71
20160501_1230,30,702,697,0,21.2,478,20160501_1239,10819,6.64,1.75
20160501_1300,30,797,793,0,21.3,557,20160501_1309,11072,6.66,1.77
20160501_1330,30,866,863,0,21.4,620,20160501_1339,10867,6.52,1.77
20160501_1400,30,761,759,0,21.5,542,20160501_1409,10090,6.65,1.69
20160501_1430,30,737,735,0,21.6,516,20160501_1439,11306,6.59,1.8
20160501_1500,30,719,716,0,21.6,505,20160501_1509,8947,6.42,1.62
20160501_1530,30,726,723,0,21.5,517,20160501_1539,10053,6.7,1.68
20160501_1600,30,760,757,0,21.4,540,20160501_1609,10338,6.63,1.71
20160501_1630,30,766,762,0,21.3,533,20160501_1639,9751,6.4,1.7
20160501_1700,30,802,798,0,21.2,553,20160501_1709,12052,6.6,1.86
20160501_1730,30,700,695,0,21.1,475,20160501_1739,9756,6.22,1.73
20160501_1800,30,761,756,0,21.1,523,20160501_1809,11437,6.85,1.77
20160501_1830,30,744,739,0,21.2,512,20160501_1839,9158,6.64,1.62
20160501_1900,30,769,764,0,21.3,537,20160501_1909,9048,6.75,1.59
20160501_1930,30,777,774,0,21.4,552,20160501_1939,9635,6.51,1.68
20160501_2000,30,770,767,0,21.5,549,20160501_2009,10619,6.79,1.72
20160501_2030,30,812,809,0,21.6,571,20160501_2039,10284,6.81,1.69
20160501_2100,30,690,687,0,21.6,480,20160501_2109,10876,6.74,1.75
20160501_2130,30,737,733,0,21.5,522,20160501_2139,11762,6.94,1.79
20160501_2200,30,866,862,0,21.4,618,20160501_2209,9674,6.67,1.66
20160501_2230,30,819,814,0,21.3,572,20160501_2239,10321,6.66,1.71
20160501_2300,30,709,703,0,21.2,480,20160501_2309,10725,6.81,1.72
20160501_2330,30,654,648,0,21.1,440,20160501_2339,9824,7.06,1.61
20160502_0000,30,603,596,0,21.1,405,20160502_0009,9209,7.1,1.56
20160502_0030,30,625,619,0,21.2,419,20160502_0039,9957,7.05,1.62
20160502_0100,30,621,616,0,21.3,425,20160502_0109,9943,7.46,1.57
20160502_0130,30,571,567,0,21.4,396,20160502_0139,9215,7.31,1.53
20160502_0200,30,548,544,0,21.5,379,20160502_0209,9269,7.46,1.52
20160502_0230,30,598,594,0,21.6,412,20160502_0239,10222,7.83,1.55
20160502_0300,30,600,597,0,21.6,414,20160502_0309,9207,7.43,1.51
20160502_0330,30,604,601,0,21.5,424,20160502_0339,7750,7.26,1.4
20160502_0400,30,636,632,0,21.4,446,20160502_0409,8350,7.25,1.46
20160502_0430,30,580,575,0,21.3,399,20160502_0439,9421,6.88,1.6
20160502_0500,30,579,573,0,21.2,385,20160502_0509,8500,7.14,1.49
20160502_0530,30,479,472,0,21.1,315,20160502_0539,8968,7.24,1.51
20160502_0600,30,528,521,0,21.1,348,20160502_0609,8612,7.31,1.48
20160502_0630,30,578,571,0,21.2,383,20160502_0639,9697,7.52,1.54
20160502_0700,30,616,610,0,21.3,422,20160502_0709,7248,6.76,1.42
20160502_0730,30,613,609,0,21.4,430,20160502_0739,10978,7.61,1.63
20160502_0800,30,616,613,0,21.5,434,20160502_0809,9199,7.17,1.54
20160502_0830,30,614,610,0,21.6,425,20160502_0839,8823,7.02,1.53
20160502_0900,30,586,583,0,21.6,405,20160502_0909,8568,6.88,1.52
20160502_0930,30,696,693,0,21.5,493,20160502_0939,9039,7.22,1.52
20160502_1000,30,641,637,0,21.4,451,20160502_1009,9532,6.98,1.59
20160502_1030,30,779,774,0,21.3,544,20160502_1039,10379,7.03,1.66
20160502_1100,30,708,702,0,21.2,482,20160502_1109,11859,7.15,1.75
20160502_1130,30,639,633,0,21.1,435,20160502_1139,11105,7.05,1.71
20160502_1200,30,709,703,0,21.1,484,20160502_1209,10261,6.88,1.67
20160502_1230,30,738,733,0,21.2,506,20160502_1239,10640,6.79,1.71
20160502_1300,30,825,820,0,21.3,579,20160502_1309,10910,7.01,1.7
20160502_1330,30,772,769,0,21.4,549,20160502_1339,8208,6.46,1.55
20160502_1400,30,775,772,0,21.5,552,20160502_1409,9760,6.68,1.66
20160502_1430,30,759,757,0,21.6,533,20160502_1439,9599,6.73,1.63
20160502_1500,30,679,676,0,21.6,474,20160502_1509,9055,6.6,1.6
20160502_1530,30,789,787,0,21.5,563,20160502_1539,8832,6.39,1.62
20160502_1600,30,702,699,0,21.4,496,20160502_1609,8377,6.33,1.58
20160502_1630,30,817,813,0,21.3,574,20160502_1639,9317,6.71,1.61
20160502_1700,30,735,730,0,21.2,500,20160502_1709,8383,6.58,1.55
20160502_1730,30,589,583,0,21.1,394,20160502_1739,8732,6.65,1.57
20160502_1800,30,694,688,0,21.1,474,20160502_1809,9733,6.49,1.68
20160502_1830,30,642,636,0,21.2,432,20160502_1839,8379,6.63,1.54
20160502_1900,30,727,723,0,21.3,505,20160502_1909,8642,6.39,1.6
20160502_1930,30,784,781,0,21.4,557,20160502_1939,7923,6.41,1.53
20160502_2000,30,758,755,0,21.5,540,20160502_2009,7958,6.49,1.52
20160502_2030,30,719,717,0,21.6,502,20160502_2039,8132,6.38,1.55
20160502_2100,30,710,707,0,21.6,495,20160502_2109,8281,6.54,1.55
20160502_2130,30,751,748,0,21.5,534,20160502_2139,8632,6.47,1.59
20160502_2200,30,800,796,0,21.4,562,20160502_2209,8767,6.37,1.62
20160502_2230,30,795,791,0,21.3,537,20160502_2239,9015,6.57,1.61
20160502_2300,30,735,730,0,21.2,499,20160502_2309,8745,6.48,1.6
20160502_2330,30,737,731,0,21.1,503,20160502_2339,8574,6.38,1.6
20160503_0000,30,689,683,0,21.1,467,20160503_0009,8733,6.45,1.6
20160503_0030,30,767,761,0,21.2,524,20160503_0039,7683,6.34,1.52
20160503_0100,30,604,599,0,21.3,414,20160503_0109,8249,6.65,1.53
20160503_0130,30,669,665,0,21.4,469,20160503_0139,6870,6.49,1.41
20160503_0200,30,608,604,0,21.5,425,20160503_0209,7909,6.55,1.51
20160503_0230,30,631,628,0,21.6,436,20160503_0239,6079,6.44,1.33
20160503_0300,30,523,519,0,21.6,355,20160503_0309,6659,6.55,1.38
20160503_0330,30,494,490,0,21.5,341,20160503_0339,6556,6.55,1.38
20160503_0400,30,517,513,0,21.4,359,20160503_0409,6403,6.47,1.37
20160503_0430,30,554,549,0,21.3,377,20160503_0439,6470,6.51,1.37
20160503_0500,30,544,538,0,21.2,359,20160503_0509,6974,6.42,1.43
20160503_0530,30,491,485,0,21.1,324,20160503_0539,7483,6.38,1.49
20160503_0600,30,515,509,0,21.1,340,20160503_0609,7068,6.47,1.44
20160503_0630,30,554,548,0,21.2,367,20160503_0639,7446,6.65,1.45
20160503_0700,30,513,508,0,21.3,349,20160503_0709,6614,6.55,1.38
20160503_0730,30,572,568,0,21.4,399,20160503_0739,6911,6.46,1.42
20160503_0800,30,624,621,0,21.5,439,20160503_0809,6602,6.27,1.41
20160503_0830,30,573,570,0,21.6,395,20160503_0839,6397,6.26,1.39
20160503_0900,30,556,553,0,21.6,386,20160503_0909,8004,6.68,1.5
20160503_0930,30,678,675,0,21.5,480,20160503_0939,6793,6.24,1.44
20160503_1000,30,623,620,0,21.4,438,20160503_1009,8822,6.64,1.58
20160503_1030,30,648,643,0,21.3,446,20160503_1039,8271,6.67,1.52
20160503_1100,30,656,650,0,21.2,443,20160503_1109,9644,6.63,1.66
20160503_1130,30,696,691,0,21.1,473,20160503_1139,10867,6.76,1.73
20160503_1200,30,737,732,0,21.1,504,20160503_1209,10338,6.61,1.72
20160503_1230,30,687,681,0,21.2,467,20160503_1239,10173,6.64,1.7
20160503_1300,30,733,728,0,21.3,509,20160503_1309,11025,6.67,1.76
20160503_1330,30,766,762,0,21.4,543,20160503_1339,11911,6.77,1.82
20160503_1400,30,751,748,0,21.5,535,20160503_1409,11222,6.78,1.76
20160503_1430,30,698,695,0,21.6,489,20160503_1439,11806,6.62,1.83
20160503_1500,30,695,692,0,21.6,485,20160503_1509,10310,6.71,1.7
20160503_1530,30,736,733,0,21.5,523,20160503_1539,9826,6.54,1.68
20160503_1600,30,769,766,0,21.4,546,20160503_1609,10158,6.73,1.68
20160503_1630,30,872,868,0,21.3,614,20160503_1639,8563,6.28,1.61
20160503_1700,30,755,749,0,21.2,516,20160503_1709,11539,6.6,1.82
20160503_1730,30,695,689,0,21.1,472,20160503_1739,8869,6.55,1.6
20160503_1800,30,634,628,0,21.1,427,20160503_1809,9009,6.48,1.62
20160503_1830,30,819,814,0,21.2,566,20160503_1839,10699,6.51,1.76
20160503_1900,30,817,812,0,21.3,571,20160503_1909,9334,6.38,1.67
20160503_1930,30,850,846,0,21.4,606,20160503_1939,10947,6.47,1.79
20160503_2000,30,1047,1045,0,21.5,757,20160503_2009,12613,6.25,1.97
20160503_2030,30,915,913,0,21.6,648,20160503_2039,13568,6.29,2.03
20160503_2100,30,1012,1010,0,21.6,721,20160503_2109,13287,6.4,1.99
20160503_2130,30,982,979,0,21.5,706,20160503_2139,11339,6.39,1.84
20160503_2200,30,940,937,0,21.4,676,20160503_2209,11185,6.44,1.82
20160503_2230,30,1046,1042,0,21.3,745,20160503_2239,12094,6.59,1.87
20160503_2300,30,932,927,0,21.2,652,20160503_2309,11318,6.59,1.81
20160503_2330,30,1106,1103,0,21.1,788,20160503_2339,13937,6.67,1.99
20160504_0000,30,1057,1054,0,21.1,750,20160504_0009,14915,6.6,2.07
20160504_0030,30,1261,1259,0,21.2,908,20160504_0039,13949,6.38,2.05
20160504_0100,30,1226,1224,0,21.3,883,20160504_0109,16815,6.63,2.19
20160504_0130,30,1248,1246,0,21.4,909,20160504_0139,16308,6.75,2.14
20160504_0200,30,1197,1196,0,21.5,871,20160504_0209,15179,6.78,2.05
20160504_0230,30,995,993,0,21.6,709,20160504_0239,17590,6.9,2.19
20160504_0300,30,1016,1015,0,21.6,725,20160504_0309,19395,7.15,2.25
20160504_0330,30,1046,1044,0,21.5,756,20160504_0339,18601,6.92,2.25
20160504_0400,30,1113,1111,0,21.4,809,20160504_0409,13109,6.66,1.92
20160504_0430,30,1069,1066,0,21.3,764,20160504_0439,15383,6.81,2.06
20160504_0500,30,1114,1111,0,21.2,795,20160504_0509,15905,6.91,2.08
20160504_0530,30,1041,1037,0,21.1,739,20160504_0539,16536,6.83,2.13
20160504_0600,30,1094,1091,0,21.1,781,20160504_0609,18894,7.06,2.24
20160504_0630,30,973,970,0,21.2,686,20160504_0639,13205,6.49,1.97
20160504_0700,30,1092,1089,0,21.3,782,20160504_0709,13530,6.56,1.97
20160504_0730,30,1026,1024,0,21.4,742,20160504_0739,14155,6.66,2
20160504_0800,30,949,947,0,21.5,683,20160504_0809,12269,6.69,1.86
20160504_0830,30,849,847,0,21.6,600,20160504_0839,15153,6.81,2.05
20160504_0900,30,842,840,0,21.6,595,20160504_0909,11327,6.59,1.81
20160504_0930,30,851,849,0,21.5,609,20160504_0939,13912,6.78,1.97
20160504_1000,30,888,885,0,21.4,638,20160504_1009,14657,6.84,2.01
20160504_1030,30,955,952,0,21.3,677,20160504_1039,14900,6.9,2.02
20160504_1100,30,975,972,0,21.2,687,20160504_1109,11797,6.69,1.82
20160504_1130,30,907,903,0,21.1,635,20160504_1139,14003,6.87,1.96
20160504_1200,30,900,896,0,21.1,629,20160504_1209,13019,6.82,1.9
20160504_1230,30,899,895,0,21.2,629,20160504_1239,12669,6.69,1.9
20160504_1300,30,897,893,0,21.3,632,20160504_1309,12827,6.76,1.9
20160504_1330,30,862,860,0,21.4,617,20160504_1339,11313,6.72,1.79
20160504_1400,30,841,839,0,21.5,603,20160504_1409,12158,6.69,1.86
20160504_1430,30,783,781,0,21.6,550,20160504_1439,14388,6.85,1.99
20160504_1500,30,685,682,0,21.6,478,20160504_1509,11066,6.7,1.76
20160504_1530,30,851,849,0,21.5,610,20160504_1539,12843,6.86,1.88
20160504_1600,30,809,806,0,21.4,574,20160504_1609,13841,6.92,1.94
20160504_1630,30,936,933,0,21.3,662,20160504_1639,12994,6.89,1.88
20160504_1700,30,841,836,0,21.2,583,20160504_1709,11595,6.96,1.77
20160504_1730,30,657,651,0,21.1,443,20160504_1739,10647,6.85,1.71
20160504_1800,30,643,638,0,21.1,434,20160504_1809,13563,6.88,1.93
20160504_1830,30,777,773,0,21.2,533,20160504_1839,12552,6.84,1.86
20160504_1900,30,804,800,0,21.3,559,20160504_1909,14998,6.91,2.02
20160504_1930,30,906,903,0,21.4,648,20160504_1939,12893,6.63,1.92
20160504_2000,30,847,845,0,21.5,606,20160504_2009,13633,6.62,1.98
20160504_2030,30,864,862,0,21.6,611,20160504_2039,16178,6.72,2.14
20160504_2100,30,846,844,0,21.6,596,20160504_2109,14355,6.65,2.03
20160504_2130,30,872,870,0,21.5,625,20160504_2139,12850,6.54,1.93
20160504_2200,30,829,825,0,21.4,591,20160504_2209,14247,6.56,2.03
20160504_2230,30,969,966,0,21.3,687,20160504_2239,16556,6.88,2.13
20160504_2300,30,895,891,0,21.2,623,20160504_2309,16295,6.7,2.15
20160504_2330,30,1005,1002,0,21.1,709,20160504_2339,16148,6.72,2.13
20160505_0000,30,945,941,0,21.1,662,20160505_0009,15861,6.69,2.12
20160505_0030,30,966,962,0,21.2,679,20160505_0039,13420,6.52,1.98
20160505_0100,30,973,969,0,21.3,688,20160505_0109,15009,6.77,2.05
20160505_0130,30,838,835,0,21.4,596,20160505_0139,12363,6.88,1.84
20160505_0200,30,820,817,0,21.5,587,20160505_0209,14704,6.96,1.99
20160505_0230,30,807,804,0,21.6,567,20160505_0239,15279,6.83,2.06
20160505_0300,30,785,782,0,21.6,553,20160505_0309,13617,6.94,1.92
20160505_0330,30,840,838,0,21.5,602,20160505_0339,12961,6.81,1.9
20160505_0400,30,856,853,0,21.4,613,20160505_0409,13932,6.91,1.95
20160505_0430,30,884,880,0,21.3,625,20160505_0439,13318,6.88,1.91
20160505_0500,30,742,737,0,21.2,508,20160505_0509,15373,7.07,2.02
20160505_0530,30,707,702,0,21.1,482,20160505_0539,13852,7.05,1.92
20160505_0600,30,670,665,0,21.1,457,20160505_0609,12162,6.99,1.81
20160505_0630,30,672,666,0,21.2,455,20160505_0639,15071,7.31,1.96
20160505_0700,30,673,668,0,21.3,465,20160505_0709,13156,7.2,1.85
20160505_0730,30,629,626,0,21.4,443,20160505_0739,12052,7.08,1.79
20160505_0800,30,660,657,0,21.5,467,20160505_0809,10191,6.88,1.67
20160505_0830,30,608,605,0,21.6,421,20160505_0839,11664,7.29,1.72
20160505_0900,30,623,620,0,21.6,431,20160505_0909,9750,6.98,1.63
20160505_0930,30,617,613,0,21.5,435,20160505_0939,10174,7.05,1.65
20160505_1000,30,588,584,0,21.4,411,20160505_1009,7483,6.72,1.45
20160505_1030,30,607,601,0,21.3,414,20160505_1039,9375,6.78,1.62
20160505_1100,30,523,517,0,21.2,345,20160505_1109,9290,6.82,1.6
20160505_1130,30,533,527,0,21.1,352,20160505_1139,8088,6.83,1.49
20160505_1200,30,547,541,0,21.1,365,20160505_1209,9204,6.95,1.58
20160505_1230,30,521,515,0,21.2,343,20160505_1239,9486,6.86,1.62
20160505_1300,30,611,605,0,21.3,418,20160505_1309,7945,6.74,1.49
20160505_1330,30,595,590,0,21.4,415,20160505_1339,8108,6.7,1.51
20160505_1400,30,562,535,0,21.5,366,20160505_1409,7830,6.73,1.49
20160505_1500,30,504,500,0,21.6,346,20160505_1509,8234,6.89,1.51
20160505_1530,30,512,508,0,21.5,355,20160505_1539,7986,7.05,1.46
20160505_1600,30,519,515,0,21.4,361,20160505_1609,8655,7.41,1.48
20160505_1630,30,474,469,0,21.3,319,20160505_1639,7485,7.12,1.41
20160505_1700,30,412,405,0,21.2,268,20160505_1709,7901,7.26,1.43
20160505_1730,30,357,350,0,21.1,235,20160505_1739,6567,7.21,1.31
20160505_1800,30,382,375,0,21.1,251,20160505_1809,6498,7.11,1.31
20160505_1830,30,388,382,0,21.2,251,20160505_1839,7620,7.56,1.37
20160505_1900,30,366,361,0,21.3,244,20160505_1909,7224,7.28,1.36
20160505_1930,30,361,356,0,21.4,246,20160505_1939,7184,7.26,1.36
20160505_2000,30,397,392,0,21.5,271,20160505_2009,5715,7.03,1.24
20160505_2030,30,417,412,0,21.6,282,20160505_2039,8164,7.46,1.43
20160505_2100,30,401,397,0,21.6,270,20160505_2109,7084,7.53,1.32
20160505_2130,30,403,398,0,21.5,275,20160505_2139,6608,7.35,1.29
20160505_2200,30,423,418,0,21.4,289,20160505_2209,6510,7.23,1.3
20160505_2230,30,448,442,0,21.3,299,20160505_2239,6101,7.34,1.24
20160505_2300,30,343,337,0,21.2,222,20160505_2309,7275,7.33,1.36
20160505_2330,30,351,344,0,21.1,232,20160505_2339,7369,7.56,1.35
20160506_0000,30,359,352,0,21.1,236,20160506_0009,7138,7.66,1.32
20160506_0030,30,354,347,0,21.2,229,20160506_0039,7163,7.59,1.32
20160506_0100,30,403,397,0,21.3,268,20160506_0109,7277,7.36,1.36
20160506_0130,30,398,394,0,21.4,270,20160506_0139,7134,7.56,1.33
20160506_0200,30,391,387,0,21.5,266,20160506_0209,7402,7.35,1.37
20160506_0230,30,385,380,0,21.6,256,20160506_0239,8239,7.69,1.41
20160506_0300,30,415,411,0,21.6,279,20160506_0309,8175,7.59,1.41
20160506_0330,30,397,392,0,21.5,271,20160506_0339,8113,7.36,1.43
20160506_0400,30,377,372,0,21.4,256,20160506_0409,7696,7.6,1.37
20160506_0430,30,353,347,0,21.3,236,20160506_0439,7305,7.51,1.34
20160506_0500,30,274,268,0,21.2,179,20160506_0509,7215,7.71,1.31
20160506_0530,30,299,293,0,21.1,202,20160506_0539,7117,7.77,1.3
20160506_0600,30,264,259,0,21.1,178,20160506_0609,5392,7.52,1.15
20160506_0630,30,287,281,0,21.2,186,20160506_0639,7030,7.94,1.27
20160506_0700,30,307,302,0,21.3,204,20160506_0709,6037,7.72,1.2
20160506_0730,30,325,321,0,21.4,220,20160506_0739,6311,8.18,1.19
20160506_0800,30,280,277,0,21.5,188,20160506_0809,6666,8.06,1.23
20160506_0830,30,265,261,0,21.6,173,20160506_0839,6391,7.98,1.21
20160506_0900,30,250,246,0,21.6,164,20160506_0909,6188,7.93,1.2
20160506_0930,30,277,274,0,21.5,185,20160506_0939,5628,7.66,1.16
20160506_1000,30,257,254,0,21.4,171,20160506_1009,5487,7.55,1.16
20160506_1030,30,268,264,0,21.3,177,20160506_1039,5331,7.37,1.16
20160506_1100,30,289,284,0,21.2,189,20160506_1109,6388,7.71,1.23
20160506_1130,30,247,242,0,21.1,169,20160506_1139,5561,7.67,1.16
20160506_1200,30,257,251,0,21.1,173,20160506_1209,6438,7.66,1.24
20160506_1230,30,298,292,0,21.2,195,20160506_1239,5842,7.42,1.21
20160506_1300,30,317,313,0,21.3,210,20160506_1309,8659,7.73,1.43
20160506_1330,30,392,388,0,21.4,267,20160506_1339,8043,7.5,1.41
20160506_1400,30,396,392,0,21.5,270,20160506_1409,8245,7.45,1.43
20160506_1430,30,387,384,0,21.6,260,20160506_1439,7890,7.25,1.43
20160506_1500,30,403,400,0,21.6,275,20160506_1509,8107,7.39,1.43
20160506_1530,30,387,383,0,21.5,265,20160506_1539,8326,7.58,1.42
20160506_1600,30,371,368,0,21.4,252,20160506_1609,8301,7.1,1.48
20160506_1630,30,402,398,0,21.3,268,20160506_1639,9105,7.58,1.49
20160506_1700,30,449,443,0,21.2,293,20160506_1709,9541,7.19,1.57
20160506_1730,30,401,395,0,21.1,264,20160506_1739,9486,7.56,1.52
20160506_1800,30,311,305,0,21.1,208,20160506_1809,8832,7.6,1.46
20160506_1830,30,347,341,0,21.2,224,20160506_1839,7712,7.6,1.37
20160506_1900,30,388,383,0,21.3,258,20160506_1909,8474,7.41,1.46
20160506_1930,30,382,378,0,21.4,259,20160506_1939,6810,7.42,1.31
20160506_2000,30,367,363,0,21.5,249,20160506_2009,6845,7.49,1.3
20160506_2030,30,361,357,0,21.6,239,20160506_2039,6618,7.35,1.29
20160506_2100,30,336,332,0,21.6,223,20160506_2109,7547,7.41,1.37
20160506_2130,30,375,371,0,21.5,255,20160506_2139,6351,7.42,1.26
20160506_2200,30,403,399,0,21.4,275,20160506_2209,6747,7.62,1.28
20160506_2230,30,344,339,0,21.3,228,20160506_2239,6815,7.44,1.3
20160506_2300,30,308,302,0,21.2,199,20160506_2309,6304,7.4,1.26
20160506_2330,30,287,281,0,21.1,191,20160506_2339,6078,7.44,1.23
20160507_0000,30,262,256,0,21.1,176,20160507_0009,7643,7.6,1.36
20160507_0030,30,273,267,0,21.2,177,20160507_0039,6266,7.55,1.24
20160507_0100,30,273,269,0,21.3,180,20160507_0109,6288,7.58,1.24
20160507_0130,30,288,284,0,21.4,194,20160507_0139,6737,7.65,1.27
20160507_0200,30,274,270,0,21.5,183,20160507_0209,6099,7.65,1.21
20160507_0230,30,215,211,0,21.6,141,20160507_0239,6005,7.67,1.2
20160507_0300,30,246,242,0,21.6,162,20160507_0309,6306,7.74,1.23
20160507_0330,30,263,259,0,21.5,175,20160507_0339,6404,7.63,1.25
20160507_0400,30,235,231,0,21.4,156,20160507_0409,5677,7.55,1.18
20160507_0430,30,246,241,0,21.3,163,20160507_0439,5688,7.62,1.17
20160507_0500,30,204,199,0,21.2,134,20160507_0509,5969,7.66,1.2
20160507_0530,30,198,193,0,21.1,135,20160507_0539,6336,7.71,1.23
20160507_0600,30,179,174,0,21.1,122,20160507_0609,5395,7.73,1.13
20160507_0630,30,188,183,0,21.2,123,20160507_0639,5291,7.89,1.11
20160507_0700,30,214,210,0,21.3,140,20160507_0709,5468,8.13,1.11
20160507_0730,30,178,174,0,21.4,118,20160507_0739,5767,7.98,1.15
20160507_0800,30,195,192,0,21.5,129,20160507_0809,6079,7.98,1.18
20160507_0830,30,229,226,0,21.6,150,20160507_0839,6822,7.65,1.28
20160507_0900,30,328,325,0,21.6,216,20160507_0909,6436,7.16,1.28
20160507_0930,30,444,441,0,21.5,304,20160507_0939,6368,6.34,1.37
20160507_1000,30,566,562,0,21.4,391,20160507_1009,7540,6.32,1.5
20160507_1030,30,578,573,0,21.3,392,20160507_1039,8753,6.57,1.58
20160507_1100,30,570,565,0,21.2,377,20160507_1109,9166,6.6,1.62
20160507_1130,30,627,622,0,21.1,421,20160507_1139,9498,6.65,1.64
20160507_1200,30,734,755,0,21.2,521,20160507_1209,8803,6.58,1.59
20160507_1300,30,826,822,0,21.3,576,20160507_1309,9214,6.49,1.64
20160507_1330,30,892,889,0,21.4,635,20160507_1339,9976,6.65,1.68
20160507_1400,30,777,775,0,21.5,552,20160507_1409,8773,6.5,1.6
20160507_1430,30,782,780,0,21.6,550,20160507_1439,9831,6.52,1.69
20160507_1500,30,796,795,0,21.6,562,20160507_1509,11203,6.97,1.73
20160507_1530,30,808,806,0,21.5,577,20160507_1539,12945,7.07,1.85
20160507_1600,30,848,846,0,21.4,604,20160507_1609,15706,7.33,1.99
20160507_1630,30,1015,1012,0,21.3,720,20160507_1639,18213,7.52,2.11
20160507_1700,30,983,981,0,21.2,693,20160507_1709,15375,7.15,2
20160507_1730,30,1019,1016,0,21.1,721,20160507_1739,19126,7.46,2.17
20160507_1800,30,969,965,0,21.1,682,20160507_1809,15482,7.16,2
20160507_1830,30,1025,1022,0,21.2,725,20160507_1839,15775,7.08,2.03
20160507_1900,30,967,963,0,21.3,684,20160507_1909,14902,7.36,1.93
20160507_1930,30,949,947,0,21.4,682,20160507_1939,15684,7.29,1.99
20160507_2000,30,833,830,0,21.5,596,20160507_2009,12198,7.25,1.76
20160507_2030,30,767,764,0,21.6,537,20160507_2039,12993,7.34,1.81
20160507_2100,30,791,789,0,21.6,557,20160507_2109,14132,7.49,1.86
20160507_2130,30,799,796,0,21.5,570,20160507_2139,11714,7.16,1.74
20160507_2200,30,821,818,0,21.4,585,20160507_2209,13165,7.25,1.83
20160507_2230,30,747,742,0,21.3,518,20160507_2239,13842,7.39,1.86
20160507_2300,30,768,763,0,21.2,527,20160507_2309,13586,7.49,1.83
20160507_2330,30,671,666,0,21.1,453,20160507_2339,12258,7.06,1.8
20160508_0000,30,729,724,0,21.1,498,20160508_0009,12386,7.25,1.78
20160508_0030,30,770,765,0,21.2,528,20160508_0039,12784,7.44,1.78
20160508_0100,30,834,830,0,21.3,586,20160508_0109,14763,7.73,1.87
20160508_0130,30,887,884,0,21.4,634,20160508_0139,14020,7.3,1.88
20160508_0200,30,861,859,0,21.5,617,20160508_0209,11926,7.02,1.78
20160508_0230,30,911,909,0,21.6,647,20160508_0239,14393,7.32,1.9
20160508_0300,30,816,814,0,21.6,576,20160508_0309,14543,7.39,1.9
20160508_0330,30,873,871,0,21.5,626,20160508_0339,13597,7.35,1.84
20160508_0400,30,874,872,0,21.4,627,20160508_0409,16096,7.52,1.98
20160508_0430,30,912,908,0,21.3,644,20160508_0439,14956,7.47,1.92
20160508_0500,30,805,799,0,21.2,554,20160508_0509,15668,7.42,1.97
20160508_0530,30,897,893,0,21.1,626,20160508_0539,14540,7.36,1.91
20160508_0600,30,750,745,0,21.1,516,20160508_0609,15392,7.53,1.93
20160508_0630,30,852,847,0,21.2,592,20160508_0639,14518,7.29,1.92
20160508_0700,30,939,935,0,21.3,663,20160508_0709,15718,7.66,1.93
20160508_0730,30,847,844,0,21.4,604,20160508_0739,14485,7.63,1.86
20160508_0800,30,791,789,0,21.5,566,20160508_0809,14966,7.6,1.89
20160508_0830,30,807,805,0,21.6,570,20160508_0839,14158,7.52,1.86
20160508_0900,30,743,741,0,21.6,524,20160508_0909,17155,8.09,1.95
20160508_0930,30,792,789,0,21.5,565,20160508_0939,16990,7.97,1.96
20160508_1030,30,800,796,0,21.3,559,20160508_1039,15154,7.79,1.88
20160508_1100,30,749,743,0,21.2,511,20160508_1109,17700,8.1,1.98
20160508_1130,30,643,637,0,21.1,434,20160508_1139,15140,7.87,1.87
20160508_1200,30,723,680,0,21.2,502,20160508_1209,18829,8.19,2.03
20160508_1300,30,783,778,0,21.3,545,20160508_1309,16681,8.28,1.9
20160508_1330,30,701,697,0,21.4,496,20160508_1339,19464,8.32,2.05
20160508_1400,30,753,750,0,21.5,536,20160508_1409,14370,7.82,1.83
20160508_1430,30,791,788,0,21.6,556,20160508_1439,20047,8.05,2.12
20160508_1500,30,826,823,0,21.6,587,20160508_1509,17984,7.93,2.03
20160508_1530,30,839,836,0,21.5,602,20160508_1539,17935,7.8,2.04
20160508_1600,30,871,868,0,21.4,624,20160508_1609,17601,8.01,1.99
20160508_1630,30,836,831,0,21.3,584,20160508_1639,15461,7.89,1.88
20160508_1700,30,774,768,0,21.2,531,20160508_1709,14949,7.65,1.89
20160508_1730,30,825,820,0,21.1,570,20160508_1739,16407,7.88,1.94
20160508_1800,30,832,827,0,21.1,576,20160508_1809,14671,7.69,1.86
20160508_1830,30,845,839,0,21.2,586,20160508_1839,19314,8.01,2.08
20160508_1900,30,883,878,0,21.3,621,20160508_1909,17587,7.81,2.02
20160508_1930,30,945,942,0,21.4,680,20160508_1939,21291,7.84,2.22
20160508_2000,30,882,879,0,21.5,633,20160508_2009,16170,7.67,1.96
20160508_2030,30,848,846,0,21.6,600,20160508_2039,16482,7.67,1.98
20160508_2100,30,819,816,0,21.6,579,20160508_2109,13019,7.46,1.79
20160508_2130,30,819,816,0,21.5,585,20160508_2139,14073,7.49,1.85
20160508_2200,30,865,861,0,21.4,618,20160508_2209,14632,7.39,1.91
20160508_2230,30,881,876,0,21.3,618,20160508_2239,14662,7.51,1.89
20160508_2300,30,877,872,0,21.2,610,20160508_2309,13386,7.22,1.85
20160508_2330,30,930,926,0,21.1,652,20160508_2339,12358,7.04,1.8
20160509_0000,30,884,879,0,21.1,616,20160509_0009,13136,7.14,1.84
20160509_0030,30,1038,1035,0,21.2,736,20160509_0039,14221,7.24,1.9
20160509_0100,30,1052,1048,0,21.3,749,20160509_0109,13478,6.85,1.92
20160509_0130,30,965,962,0,21.4,693,20160509_0139,12050,6.82,1.82
20160509_0200,30,946,944,0,21.5,682,20160509_0209,14002,7.02,1.92
20160509_0230,30,919,917,0,21.6,651,20160509_0239,12863,7.01,1.85
20160509_0300,30,841,838,0,21.6,593,20160509_0309,13662,7.14,1.88
20160509_0330,30,907,904,0,21.5,652,20160509_0339,12759,6.91,1.85
20160509_0400,30,914,911,0,21.4,656,20160509_0409,13052,7.08,1.84
20160509_0430,30,922,917,0,21.3,652,20160509_0439,14359,7.15,1.93
20160509_0500,30,871,866,0,21.2,606,20160509_0509,13808,7.35,1.85
20160509_0530,30,707,701,0,21.1,483,20160509_0539,11568,6.95,1.76
20160509_0600,30,689,683,0,21.1,468,20160509_0609,12561,7.04,1.82
20160509_0630,30,820,815,0,21.2,568,20160509_0639,12163,7.07,1.78
20160509_0700,30,811,806,0,21.3,565,20160509_0709,12099,7.02,1.79
20160509_0730,30,758,754,0,21.4,538,20160509_0739,10890,6.93,1.71
20160509_0800,30,821,818,0,21.5,587,20160509_0809,12167,7.16,1.77
20160509_0830,30,777,775,0,21.6,546,20160509_0839,12898,7.08,1.83
20160509_0900,30,763,760,0,21.6,526,20160509_0909,12352,7.31,1.76
20160509_0930,30,725,722,0,21.5,565,20160509_0939,13119,7.09,1.85
20160509_1000,30,832,829,0,21.4,593,20160509_1009,11679,7.07,1.75
20160509_1030,30,856,852,0,21.3,601,20160509_1039,11391,7.01,1.74
20160509_1100,30,675,669,0,21.2,458,20160509_1109,13127,7.28,1.82
20160509_1130,30,652,646,0,21.1,440,20160509_1139,10411,7.17,1.64
20160509_1200,30,577,571,0,21.1,413,20160509_1209,13273,7.33,1.82
20160509_1230,30,652,646,0,21.2,488,20160509_1239,14531,7.67,1.86
20160509_1300,30,776,772,0,21.3,540,20160509_1309,11976,7.46,1.71
20160509_1330,30,779,776,0,21.4,553,20160509_1339,16501,8.16,1.91
20160509_1400,30,717,714,0,21.5,509,20160509_1409,14335,7.56,1.86
20160509_1430,30,786,783,0,21.6,554,20160509_1439,16419,8.22,1.9
20160509_1500,30,804,802,0,21.6,568,20160509_1509,17251,7.96,1.98
20160509_1530,30,791,788,0,21.5,565,20160509_1539,26029,8.6,2.32
20160509_1600,30,915,913,0,21.4,656,20160509_1609,23875,8.41,2.25
20160509_1630,30,924,920,0,21.3,653,20160509_1639,27550,8.6,2.39
20160509_1700,30,737,733,0,21.2,503,20160509_1709,30320,8.95,2.45
20160509_1730,30,671,665,0,21.1,453,20160509_1739,27545,8.94,2.34
20160509_1800,30,715,709,0,21.1,486,20160509_1809,27867,8.98,2.35
20160509_1830,30,757,751,0,21.2,518,20160509_1839,27928,9.27,2.31
20160509_1900,30,725,721,0,21.3,503,20160509_1909,29590,9.25,2.38
20160509_1930,30,765,761,0,21.4,541,20160509_1939,30182,9.54,2.36
20160509_2000,30,738,735,0,21.5,525,20160509_2009,23567,9.01,2.16
20160509_2030,30,767,764,0,21.6,538,20160509_2039,28007,9.22,2.32
20160509_2100,30,645,641,0,21.6,448,20160509_2109,27818,9.17,2.32
20160509_2130,30,712,709,0,21.5,504,20160509_2139,30324,9.4,2.39
20160509_2200,30,740,737,0,21.4,524,20160509_2209,25302,9.04,2.23
20160509_2230,30,775,770,0,21.3,541,20160509_2239,28658,9.21,2.35
20160509_2300,30,718,712,0,21.2,535,20160509_2309,25321,9,2.24
20160509_2330,30,778,737,0,21.1,541,20160509_2339,30417,9.24,2.41
20160510_0000,30,764,768,0,21.3,557,20160510_0009,21762,8.77,2.11
20160510_0030,30,792,793,0,21.2,574,20160510_0039,26246,8.81,2.31
20160510_0100,30,823,852,0,21.3,603,20160510_0109,22849,8.22,2.24
20160510_0130,29,866,862,0,21.4,641,20160510_0139,24758,8.6,2.27
20160510_0200,30,926,923,0,21.5,665,20160510_0209,20856,8.23,2.14
20160510_0230,30,993,992,0,21.6,708,20160510_0239,20027,8.21,2.1
20160510_0300,30,823,821,0,21.6,579,20160510_0309,21708,8.39,2.16
20160510_0330,30,860,857,0,21.5,616,20160510_0339,19206,8.08,2.07
20160510_0400,30,864,861,0,21.4,620,20160510_0409,17818,8.07,2
20160510_0430,30,848,844,0,21.3,597,20160510_0439,21079,8.16,2.16
20160510_0500,30,927,923,0,21.2,651,20160510_0509,17765,7.81,2.04
20160510_0530,30,820,815,0,21.1,569,20160510_0539,21406,8.16,2.18
20160510_0600,30,849,844,0,21.1,590,20160510_0609,21313,8.05,2.19
20160510_0630,30,996,993,0,21.2,704,20160510_0639,21862,8.4,2.16
20160510_0700,30,1013,1009,0,21.3,720,20160510_0709,22125,8.09,2.22
20160510_0730,30,997,994,0,21.4,719,20160510_0739,20645,8.06,2.15
20160510_0800,30,970,968,0,21.5,701,20160510_0809,23166,8.33,2.23
20160510_0830,30,864,861,0,21.6,612,20160510_0839,22415,7.89,2.27
20160510_0900,30,904,901,0,21.6,642,20160510_0909,21988,8.27,2.19
20160510_0930,30,936,933,0,21.5,675,20160510_0939,20549,8,2.16
20160510_1000,30,999,996,0,21.4,723,20160510_1009,20112,7.8,2.17
20160510_1030,30,973,969,0,21.3,692,20160510_1039,21178,7.94,2.2
20160510_1100,30,964,960,0,21.2,678,20160510_1109,20839,8.03,2.17
20160510_1130,30,869,864,0,21.1,607,20160510_1139,17485,7.6,2.05
20160510_1200,30,925,921,0,21.1,649,20160510_1209,19028,7.84,2.1
20160510_1230,30,991,987,0,21.2,700,20160510_1239,17869,7.9,2.03
20160510_1300,30,834,829,0,21.3,583,20160510_1309,19259,7.98,2.09
20160510_1330,30,884,880,0,21.4,632,20160510_1339,20869,8.22,2.14
20160510_1400,30,915,912,0,21.5,658,20160510_1409,19190,8.26,2.04
20160510_1430,30,855,852,0,21.6,606,20160510_1439,19300,8.13,2.07
20160510_1500,30,742,739,0,21.6,519,20160510_1509,17554,8.17,1.97
20160510_1530,30,753,750,0,21.5,537,20160510_1539,20822,8.52,2.09
20160510_1600,30,773,770,0,21.4,550,20160510_1609,19354,8.32,2.04
20160510_1630,30,796,792,0,21.3,558,20160510_1639,19162,8.44,2.01
20160510_1700,30,683,677,0,21.2,463,20160510_1709,19247,8.16,2.06
20160510_1730,30,603,597,0,21.1,404,20160510_1739,20105,8.42,2.07
20160510_1800,30,563,557,0,21.1,374,20160510_1809,18507,8.31,2
20160510_1830,30,662,657,0,21.2,448,20160510_1839,16038,8.12,1.89
20160510_1900,30,689,684,0,21.3,475,20160510_1909,16866,8.08,1.94
20160510_1930,30,706,702,0,21.4,499,20160510_1939,17681,8.32,1.95
20160510_2000,30,680,676,0,21.5,479,20160510_2009,16660,7.95,1.94
20160510_2030,30,669,666,0,21.6,464,20160510_2039,16934,8.18,1.93
20160510_2100,30,646,643,0,21.6,448,20160510_2109,13964,7.95,1.78
20160510_2130,30,685,681,0,21.5,483,20160510_2139,16431,8.01,1.92
20160510_2200,30,761,757,0,21.4,539,20160510_2209,15437,7.91,1.88
20160510_2230,30,669,664,0,21.3,459,20160510_2239,14811,7.98,1.83
20160510_2300,30,692,686,0,21.2,467,20160510_2309,14771,8.14,1.8
20160510_2330,30,679,673,0,21.1,457,20160510_2339,14439,7.49,1.88
20160511_0000,30,671,665,0,21.1,452,20160511_0009,15423,7.86,1.88
20160511_0030,30,731,725,0,21.2,496,20160511_0039,13821,7.67,1.81
20160511_0100,30,859,855,0,21.3,602,20160511_0109,15329,7.78,1.89
20160511_0130,30,918,915,0,21.4,659,20160511_0139,15485,7.58,1.93
20160511_0200,30,906,904,0,21.5,650,20160511_0209,15092,7.56,1.91
20160511_0230,30,866,864,0,21.6,612,20160511_0239,14246,7.45,1.87
20160511_0300,30,813,810,0,21.6,573,20160511_0309,17658,7.6,2.06
20160511_0330,30,825,823,0,21.5,590,20160511_0339,14204,7.4,1.87
20160511_0400,30,835,832,0,21.4,597,20160511_0409,14990,7.31,1.94
20160511_0430,30,876,872,0,21.3,617,20160511_0439,15849,7.37,1.99
20160511_0500,30,824,819,0,21.2,572,20160511_0509,15143,7.4,1.94
20160511_0530,30,832,828,0,21.1,578,20160511_0539,15057,7.34,1.94
20160511_0600,30,800,795,0,21.1,553,20160511_0609,12182,6.8,1.83
20160511_0630,30,951,947,0,21.2,671,20160511_0639,14560,7.14,1.94
20160511_0700,30,1005,1001,0,21.3,713,20160511_0709,11242,6.79,1.76
20160511_0730,30,963,960,0,21.4,694,20160511_0739,12511,6.9,1.84
20160511_0800,30,944,942,0,21.5,682,20160511_0809,12557,6.73,1.87
20160511_0830,30,839,837,0,21.6,592,20160511_0839,11023,6.54,1.78
20160511_0900,30,831,829,0,21.6,587,20160511_0909,12777,6.69,1.89
20160511_0930,30,833,831,0,21.5,598,20160511_0939,13367,6.99,1.88
20160511_1000,30,884,881,0,21.4,633,20160511_1009,12756,6.96,1.84
20160511_1030,30,981,977,0,21.3,696,20160511_1039,11173,6.79,1.75
20160511_1100,30,852,847,0,21.2,591,20160511_1109,11255,6.77,1.76
20160511_1130,30,802,797,0,21.1,555,20160511_1139,12136,6.86,1.82
20160511_1200,30,762,757,0,21.1,524,20160511_1209,9313,6.66,1.62
20160511_1230,30,905,900,0,21.2,634,20160511_1239,11981,6.83,1.81
20160511_1300,30,860,856,0,21.3,604,20160511_1309,10853,6.88,1.72
20160511_1330,30,842,839,0,21.4,602,20160511_1339,9937,6.51,1.7
20160511_1400,30,842,839,0,21.5,604,20160511_1409,11509,6.86,1.77
20160511_1430,30,828,827,0,21.6,587,20160511_1439,11213,6.83,1.75
20160511_1500,30,750,748,0,21.6,526,20160511_1509,12356,6.89,1.82
20160511_1530,30,915,913,0,21.5,658,20160511_1539,10074,6.63,1.69
20160511_1600,30,853,851,0,21.4,610,20160511_1609,9371,6.45,1.65
20160511_1630,30,863,860,0,21.3,608,20160511_1639,13323,6.86,1.9
20160511_1700,30,718,713,0,21.2,489,20160511_1709,10115,6.79,1.67
20160511_1730,30,732,727,0,21.1,501,20160511_1739,10148,7,1.64
20160511_1800,30,710,705,0,21.1,485,20160511_1809,7929,6.55,1.51
20160511_1830,30,690,684,0,21.2,468,20160511_1839,9657,6.8,1.63
20160511_1900,30,721,717,0,21.3,500,20160511_1909,9873,7.04,1.61
20160511_1930,30,648,644,0,21.4,455,20160511_1939,9238,6.8,1.59
20160511_2000,30,682,679,0,21.5,481,20160511_2009,8273,6.94,1.48
20160511_2030,30,592,589,0,21.6,409,20160511_2039,7728,6.6,1.48
20160511_2100,30,615,612,0,21.6,425,20160511_2109,8867,7.13,1.51
20160511_2130,30,659,656,0,21.5,464,20160511_2139,8908,6.94,1.54
20160511_2200,30,662,658,0,21.4,464,20160511_2209,8341,6.6,1.54
20160511_2230,30,652,647,0,21.3,448,20160511_2239,9254,6.8,1.59
20160511_2300,30,535,529,0,21.2,353,20160511_2309,7849,6.62,1.49
20160511_2330,30,660,654,0,21.1,442,20160511_2339,7767,6.7,1.47
20160512_0000,30,560,554,0,21.1,371,20160512_0009,7903,6.6,1.5
20160512_0030,30,547,541,0,21.2,361,20160512_0039,7454,6.7,1.44
20160512_0100,30,631,625,0,21.3,431,20160512_0109,10173,7.2,1.61
20160512_0130,30,590,586,0,21.4,412,20160512_0139,6879,6.49,1.41
20160512_0200,30,627,624,0,21.5,440,20160512_0209,7289,6.68,1.43
20160512_0230,30,594,591,0,21.6,411,20160512_0239,7364,6.79,1.42
20160512_0300,30,598,595,0,21.6,414,20160512_0309,6956,6.51,1.42
20160512_0330,30,666,663,0,21.5,470,20160512_0339,8325,6.83,1.5
20160512_0400,30,670,666,0,21.4,472,20160512_0409,7925,6.46,1.52
20160512_0430,30,645,640,0,21.3,443,20160512_0439,6884,6.37,1.43
20160512_0500,30,628,622,0,21.2,422,20160512_0509,7097,6.54,1.42
20160512_0530,30,561,555,0,21.1,374,20160512_0539,8985,6.68,1.58
20160512_0600,30,610,604,0,21.1,409,20160512_0609,7532,6.41,1.49
20160512_0630,30,637,631,0,21.2,428,20160512_0639,7662,6.63,1.47
20160512_0700,30,675,670,0,21.3,464,20160512_0709,8242,6.84,1.5
20160512_0730,30,707,703,0,21.4,500,20160512_0739,7323,6.45,1.46
20160512_0800,30,649,646,0,21.5,458,20160512_0809,7500,6.61,1.46
20160512_0830,30,629,626,0,21.6,438,20160512_0839,7039,6.44,1.44
20160512_0900,30,646,643,0,21.6,450,20160512_0909,8139,6.73,1.5
20160512_0930,30,707,704,0,21.5,501,20160512_0939,8374,6.73,1.52
20160512_1000,30,611,608,0,21.4,429,20160512_1009,7727,6.77,1.46
20160512_1030,30,552,548,0,21.3,378,20160512_1039,7623,6.77,1.45
20160512_1100,30,524,518,0,21.2,345,20160512_1109,7402,6.84,1.42
20160512_1130,30,469,462,0,21.1,309,20160512_1139,8631,7.04,1.51
20160512_1200,30,464,457,0,21.1,306,20160512_1209,7696,6.95,1.43
20160512_1230,30,559,553,0,21.2,372,20160512_1239,8520,7.26,1.47
20160512_1300,30,578,573,0,21.3,396,20160512_1309,9018,7.17,1.52
20160512_1330,30,561,557,0,21.4,391,20160512_1339,7532,7.2,1.39
20160512_1400,30,539,536,0,21.5,378,20160512_1409,7329,7.02,1.39
20160512_1430,30,507,504,0,21.6,347,20160512_1439,6562,7.07,1.31
20160512_1500,30,460,457,0,21.6,314,20160512_1509,6985,7.09,1.35
20160512_1530,30,493,490,0,21.5,341,20160512_1539,5853,6.91,1.25
20160512_1600,30,530,527,0,21.4,369,20160512_1609,6777,7.05,1.33
20160512_1630,30,504,499,0,21.3,340,20160512_1639,6360,6.86,1.31
20160512_1700,30,450,444,0,21.2,294,20160512_1709,7254,6.99,1.39
20160512_1730,30,458,451,0,21.1,300,20160512_1739,6233,6.58,1.33
20160512_1800,30,483,477,0,21.1,317,20160512_1809,6802,6.46,1.4
20160512_1830,30,505,499,0,21.2,332,20160512_1839,7068,6.79,1.39
20160512_1900,30,554,548,0,21.3,374,20160512_1909,6435,6.58,1.35
20160512_1930,30,577,574,0,21.4,402,20160512_1939,5760,6.36,1.31
20160512_2000,30,582,579,0,21.5,408,20160512_2009,5860,6.64,1.28
20160512_2030,30,542,539,0,21.6,372,20160512_2039,6492,6.62,1.36
20160512_2100,30,579,576,0,21.6,400,20160512_2109,7236,6.65,1.43
20160512_2130,30,608,605,0,21.5,426,20160512_2139,7265,6.62,1.44
20160512_2200,30,653,649,0,21.4,458,20160512_2209,7789,6.86,1.45
20160512_2230,30,624,619,0,21.3,427,20160512_2239,7543,6.87,1.43
20160512_2300,30,557,551,0,21.2,368,20160512_2309,7539,6.95,1.42
20160512_2330,30,457,450,0,21.1,299,20160512_2339,8684,7.27,1.48
20160513_0000,30,480,473,0,21.1,315,20160513_0009,7421,7.01,1.4
20160513_0030,30,486,480,0,21.2,317,20160513_0039,6764,6.87,1.35
20160513_0100,30,512,507,0,21.3,346,20160513_0109,6941,6.92,1.36
20160513_0130,30,594,590,0,21.4,415,20160513_0139,6908,6.71,1.39
20160513_0200,30,512,509,0,21.5,356,20160513_0209,6712,6.81,1.36
20160513_0230,30,544,540,0,21.6,372,20160513_0239,6179,6.69,1.31
20160513_0300,30,562,559,0,21.6,386,20160513_0309,7568,7.01,1.41
20160513_0330,30,532,528,0,21.5,371,20160513_0339,7404,7.03,1.39
20160513_0400,30,601,597,0,21.4,420,20160513_0409,5542,6.44,1.27
20160513_0430,30,561,556,0,21.3,382,20160513_0439,7568,6.91,1.42
20160513_0500,30,561,556,0,21.2,375,20160513_0509,7733,7.05,1.43
20160513_0530,30,489,483,0,21.1,323,20160513_0539,6007,6.62,1.31
20160513_0600,30,512,505,0,21.1,338,20160513_0609,5913,6.79,1.27
20160513_0630,30,513,507,0,21.2,338,20160513_0639,5912,6.66,1.29
20160513_0700,30,477,472,0,21.3,322,20160513_0709,6444,6.82,1.33
20160513_0730,30,484,480,0,21.4,334,20160513_0739,6085,6.75,1.3
20160513_0800,30,521,518,0,21.5,363,20160513_0809,5748,6.62,1.28
20160513_0830,30,451,448,0,21.6,307,20160513_0839,5685,6.99,1.23
20160513_0900,30,409,406,0,21.6,276,20160513_0909,4403,6.6,1.12
20160513_0930,30,436,433,0,21.5,301,20160513_0939,5305,6.91,1.2
20160513_1000,30,406,402,0,21.4,278,20160513_1009,4044,6.55,1.08
20160513_1030,30,391,387,0,21.3,261,20160513_1039,4617,6.79,1.13
20160513_1100,30,321,316,0,21.2,209,20160513_1109,4803,6.86,1.14
20160513_1130,30,301,296,0,21.1,202,20160513_1139,5030,7.03,1.15
20160513_1200,30,289,284,0,21.1,194,20160513_1209,5052,6.97,1.16
20160513_1230,30,330,325,0,21.2,216,20160513_1239,4092,6.81,1.06
20160513_1300,30,335,331,0,21.3,222,20160513_1309,4002,6.79,1.05
20160513_1330,30,322,318,0,21.4,218,20160513_1339,4402,6.94,1.09
20160513_1400,30,348,345,0,21.5,237,20160513_1409,4340,6.91,1.08
20160513_1430,30,310,307,0,21.6,207,20160513_1439,4009,7.1,1.02
20160513_1500,30,287,284,0,21.6,190,20160513_1509,4389,7.01,1.08
20160513_1530,30,267,264,0,21.5,179,20160513_1539,4345,7.05,1.07
20160513_1600,30,306,303,0,21.4,206,20160513_1609,4705,7.22,1.1
20160513_1630,30,272,268,0,21.3,180,20160513_1639,4417,7.2,1.07
20160513_1700,30,270,266,0,21.2,178,20160513_1709,3703,6.93,1
20160513_1730,30,271,266,0,21.1,184,20160513_1739,4254,7.13,1.05
20160513_1800,30,274,269,0,21.1,185,20160513_1809,4872,7.3,1.11
20160513_1830,30,283,278,0,21.2,186,20160513_1839,4098,6.9,1.06
20160513_1900,30,374,369,0,21.3,248,20160513_1909,4120,7.04,1.05
20160513_1930,30,333,329,0,21.4,225,20160513_1939,5228,7.37,1.15
20160513_2000,30,300,296,0,21.5,201,20160513_2009,5026,7.24,1.14
20160513_2030,30,278,274,0,21.6,183,20160513_2039,4189,7.35,1.03
20160513_2100,30,304,301,0,21.6,202,20160513_2109,5394,7.89,1.13
20160513_2130,30,313,309,0,21.5,212,20160513_2139,4421,7.32,1.06
20160513_2200,30,345,341,0,21.4,233,20160513_2209,4748,7.58,1.08
20160513_2230,30,305,301,0,21.3,201,20160513_2239,4227,7.38,1.03
20160513_2300,30,289,284,0,21.2,190,20160513_2309,4545,7.49,1.06
20160513_2330,30,320,315,0,21.1,218,20160513_2339,4914,7.41,1.11
20160514_0000,30,269,263,0,21.1,185,20160514_0009,4666,7.23,1.1
20160514_0030,30,263,258,0,21.2,173,20160514_0039,3607,7.05,0.98
20160514_0100,30,289,285,0,21.3,191,20160514_0109,4036,7.33,1.01
20160514_0130,30,274,270,0,21.4,184,20160514_0139,3621,7.28,0.96
20160514_0200,30,274,270,0,21.5,183,20160514_0209,3725,7.44,0.97
20160514_0230,30,243,239,0,21.6,160,20160514_0239,4518,7.64,1.05
20160514_0300,30,239,236,0,21.6,157,20160514_0309,3534,7.33,0.95
20160514_0330,30,247,243,0,21.5,164,20160514_0339,3941,7.78,0.97
20160514_0400,30,274,270,0,21.4,184,20160514_0409,4579,8.3,1.01
20160514_0430,30,254,250,0,21.3,168,20160514_0439,4968,8.34,1.05
20160514_0500,30,218,213,0,21.2,144,20160514_0509,4317,8.07,0.99
20160514_0530,30,190,185,0,21.1,132,20160514_0539,4266,8.03,0.99
20160514_0600,30,204,199,0,21.1,141,20160514_0609,4400,7.72,1.03
20160514_0630,30,200,195,0,21.2,133,20160514_0639,4003,7.86,0.97
20160514_0700,30,215,212,0,21.3,142,20160514_0709,3195,7.57,0.89
20160514_0730,30,227,223,0,21.4,151,20160514_0739,3977,7.61,0.99
20160514_0800,30,238,235,0,21.5,159,20160514_0809,3401,7.55,0.92
20160514_0830,30,218,215,0,21.6,143,20160514_0839,3695,7.55,0.95
20160514_0900,30,196,193,0,21.6,130,20160514_0909,3650,7.58,0.94
20160514_0930,30,227,224,0,21.5,151,20160514_0939,3636,7.33,0.96
20160514_1000,30,265,261,0,21.4,177,20160514_1009,3497,7.09,0.96
20160514_1030,30,244,241,0,21.3,160,20160514_1039,3573,7.29,0.95
20160514_1100,30,217,213,0,21.2,144,20160514_1109,3452,7.12,0.95
20160514_1130,30,202,197,0,21.1,139,20160514_1139,3622,7.27,0.96
20160514_1200,30,201,197,0,21.1,139,20160514_1209,3455,7.26,0.94
20160514_1230,30,218,213,0,21.2,145,20160514_1239,3287,7.37,0.91
20160514_1300,30,241,237,0,21.3,158,20160514_1309,4049,7.87,0.97
20160514_1330,30,228,225,0,21.4,152,20160514_1339,4131,7.92,0.98
20160514_1400,30,233,230,0,21.5,155,20160514_1409,3691,7.7,0.94
20160514_1430,30,234,231,0,21.6,153,20160514_1439,3484,7.42,0.93
20160514_1500,30,229,226,0,21.6,150,20160514_1509,3537,7.63,0.92
20160514_1530,30,221,218,0,21.5,148,20160514_1539,3598,7.59,0.93
20160514_1600,30,211,208,0,21.4,140,20160514_1609,3462,7.65,0.91
20160514_1630,30,201,197,0,21.3,131,20160514_1639,3963,8.01,0.95
20160514_1700,30,196,191,0,21.2,130,20160514_1709,3156,7.44,0.89
20160514_1730,30,193,189,0,21.1,135,20160514_1739,3086,7.11,0.9
20160514_1800,30,165,161,0,21.1,116,20160514_1809,2850,6.81,0.88
20160514_1830,30,188,184,0,21.2,126,20160514_1839,2599,6.95,0.83
20160514_1900,30,214,210,0,21.3,140,20160514_1909,2871,6.99,0.87
20160514_1930,30,220,217,0,21.4,146,20160514_1939,2917,6.84,0.89
20160514_2000,30,206,202,0,21.5,136,20160514_2009,2933,7.15,0.87
20160514_2030,30,210,207,0,21.6,138,20160514_2039,3486,7.51,0.92
20160514_2100,30,219,215,0,21.6,143,20160514_2109,3023,7.32,0.87
20160514_2130,30,246,242,0,21.5,164,20160514_2139,2971,7.01,0.89
20160514_2200,30,219,215,0,21.4,146,20160514_2209,3112,7.06,0.9
20160514_2230,30,221,217,0,21.3,145,20160514_2239,3267,7.04,0.93
20160514_2300,30,196,191,0,21.2,130,20160514_2309,3049,6.92,0.9
20160514_2330,30,175,170,0,21.1,120,20160514_2339,2709,6.89,0.85
20160515_0000,30,179,174,0,21.1,124,20160515_0009,2758,6.78,0.87
20160515_0030,30,178,173,0,21.2,117,20160515_0039,3010,7.29,0.87
20160515_0100,30,177,173,0,21.3,116,20160515_0109,2564,6.97,0.82
20160515_0130,30,183,179,0,21.4,121,20160515_0139,3075,7.42,0.87
20160515_0200,30,195,191,0,21.5,128,20160515_0209,3006,7.28,0.87
20160515_0230,30,187,183,0,21.6,121,20160515_0239,2602,7.09,0.82
20160515_0300,30,200,196,0,21.6,130,20160515_0309,2925,7.31,0.86
20160515_0330,30,195,191,0,21.5,128,20160515_0339,2773,7.03,0.85
20160515_0400,30,185,181,0,21.4,122,20160515_0409,2850,7.09,0.86
20160515_0430,30,166,161,0,21.3,108,20160515_0439,2940,7.42,0.85
20160515_0500,30,151,147,0,21.2,101,20160515_0509,3416,7.52,0.91
20160515_0530,30,151,146,0,21.1,105,20160515_0539,3236,7.63,0.88
20160515_0600,30,137,133,0,21.1,95,20160515_0609,3091,7.21,0.89
20160515_0630,30,152,148,0,21.2,102,20160515_0639,3016,7.13,0.88
20160515_0700,30,168,164,0,21.3,110,20160515_0709,3123,7.01,0.91
20160515_0730,30,190,187,0,21.4,126,20160515_0739,2970,6.88,0.89
20160515_0800,30,211,208,0,21.5,140,20160515_0809,2935,6.82,0.89
20160515_0830,30,218,214,0,21.6,142,20160515_0839,2713,6.72,0.87
20160515_0900,30,200,196,0,21.6,130,20160515_0909,2920,6.79,0.89
20160515_0930,30,210,207,0,21.5,139,20160515_0939,2992,6.47,0.93
20160515_1000,30,197,194,0,21.4,130,20160515_1009,2654,6.65,0.86
20160515_1030,30,211,208,0,21.3,139,20160515_1039,2547,6.39,0.86
20160515_1100,30,174,170,0,21.2,116,20160515_1109,3459,6.55,0.99
20160515_1130,30,171,168,0,21.1,120,20160515_1139,3512,6.53,1
20160515_1200,30,190,185,0,21.1,132,20160515_1209,3432,6.07,1.03
20160515_1230,30,196,192,0,21.2,131,20160515_1239,3084,6.13,0.97
20160515_1300,30,224,220,0,21.3,147,20160515_1309,3192,6.28,0.98
20160515_1330,30,236,233,0,21.4,156,20160515_1339,3260,6.47,0.97
20160515_1400,30,228,225,0,21.5,151,20160515_1409,2899,6.37,0.92
20160515_1430,30,234,231,0,21.6,154,20160515_1439,2693,6.21,0.91
20160515_1500,30,230,227,0,21.6,151,20160515_1509,2524,6.18,0.88
20160515_1530,30,209,206,0,21.5,138,20160515_1539,2475,6.26,0.86
20160515_1600,30,208,205,0,21.4,137,20160515_1609,2385,6.16,0.86
20160515_1630,30,193,189,0,21.3,118,20160515_1639,2515,6.44,0.86
20160515_1700,30,163,159,0,21.2,110,20160515_1709,2436,6.38,0.85
20160515_1730,30,142,139,0,21.1,101,20160515_1739,2501,6.38,0.86
20160515_1800,30,172,168,0,21.1,120,20160515_1809,2511,6.45,0.85
20160515_1830,30,179,175,0,21.2,120,20160515_1839,2361,6.11,0.85
20160515_1900,30,203,199,0,21.3,133,20160515_1909,2698,6.49,0.88
20160515_1930,30,224,220,0,21.4,160,20160515_1939,2604,6.12,0.9
20160515_2000,30,260,256,0,21.5,165,20160515_2009,2645,6.02,0.91
20160515_2030,30,259,255,0,21.6,168,20160515_2039,2932,6.01,0.96
20160515_2100,30,238,234,0,21.6,155,20160515_2109,3013,6.14,0.97
20160515_2130,30,226,222,0,21.5,149,20160515_2139,2397,5.96,0.88
20160515_2200,30,210,206,0,21.4,139,20160515_2209,2510,6.07,0.89
20160515_2230,30,175,171,0,21.3,114,20160515_2239,2590,6.18,0.89
20160515_2300,30,201,196,0,21.2,132,20160515_2309,2474,6.12,0.88
20160515_2330,30,160,156,0,21.1,110,20160515_2339,2736,5.96,0.94
20160516_0000,30,197,192,0,21.1,135,20160516_0009,2595,5.93,0.92
20160516_0030,30,239,234,0,21.2,155,20160516_0039,2539,5.89,0.91
20160516_0100,30,218,214,0,21.3,142,20160516_0109,2547,5.89,0.91
20160516_0130,30,291,287,0,21.4,193,20160516_0139,2764,6.14,0.93
20160516_0200,30,290,286,0,21.5,193,20160516_0209,2596,5.77,0.93
20160516_0230,30,302,298,0,21.6,196,20160516_0239,2487,5.99,0.89
20160516_0300,30,299,295,0,21.6,196,20160516_0309,2624,5.82,0.93
20160516_0330,30,276,272,0,21.5,183,20160516_0339,2562,5.75,0.93
20160516_0400,30,251,247,0,21.4,166,20160516_0409,2767,5.75,0.96
20160516_0430,30,238,233,0,21.3,156,20160516_0439,2644,5.71,0.95
20160516_0500,30,232,227,0,21.2,151,20160516_0509,2795,5.67,0.98
20160516_0530,30,203,198,0,21.1,139,20160516_0539,2512,5.67,0.93
20160516_0600,30,202,197,0,21.1,138,20160516_0609,2742,5.68,0.97
20160516_0630,30,230,225,0,21.2,150,20160516_0639,2599,5.55,0.95
20160516_0700,30,256,252,0,21.3,169,20160516_0709,2484,5.62,0.92
20160516_0730,30,304,301,0,21.4,205,20160516_0739,2915,5.65,1
20160516_0800,30,291,288,0,21.5,196,20160516_0809,2805,5.86,0.96
20160516_0830,30,307,303,0,21.6,204,20160516_0839,2688,5.63,0.96
20160516_0900,30,331,328,0,21.6,220,20160516_0909,2965,5.8,0.99
20160516_0930,30,336,333,0,21.5,228,20160516_0939,2918,5.62,1
20160516_1000,30,278,275,0,21.4,186,20160516_1009,3130,5.8,1.02
20160516_1030,30,246,242,0,21.3,161,20160516_1039,2931,5.65,1
20160516_1100,30,259,254,0,21.2,169,20160516_1109,3015,5.7,1.01
20160516_1130,30,234,229,0,21.1,160,20160516_1139,2863,5.58,0.99
20160516_1200,30,248,243,0,21.1,167,20160516_1209,2916,5.76,0.99
20160516_1230,30,245,240,0,21.2,160,20160516_1239,3290,5.73,1.05
20160516_1300,30,274,270,0,21.3,180,20160516_1309,2933,5.64,1
20160516_1330,30,294,290,0,21.4,195,20160516_1339,3245,5.65,1.05
20160516_1400,30,282,279,0,21.5,189,20160516_1409,3158,5.72,1.03
20160516_1430,30,321,318,0,21.6,193,20160516_1439,3011,5.67,1.01
20160516_1500,30,302,298,0,21.6,200,20160516_1509,3124,5.71,1.02
20160516_1530,30,347,344,0,21.5,234,20160516_1539,3794,5.8,1.12
20160516_1600,30,316,313,0,21.4,212,20160516_1609,3555,5.78,1.08
20160516_1630,30,345,341,0,21.3,228,20160516_1639,3417,5.55,1.09
20160516_1700,30,328,322,0,21.2,217,20160516_1709,3807,5.61,1.14
20160516_1730,30,234,230,0,21.1,161,20160516_1739,3370,5.78,1.06
20160516_1830,30,297,292,0,21.2,195,20160516_1839,3478,5.75,1.08
20160516_1900,30,324,320,0,21.3,214,20160516_1909,3689,5.69,1.12
20160516_1930,10,373,369,0,21.4,244,20160516_1939,3662,5.69,1.11
20160516_1943,16,336,332,0,21.1,267,20160516_1939,3662,5.69,1.11
20160516_2000,30,423,420,0,21.5,288,20160516_2009,4156,6,1.15
20160516_2030,30,392,388,0,21.6,263,20160516_2039,4197,5.87,1.17
20160516_2100,30,411,407,0,21.6,275,20160516_2109,3739,6.01,1.09
20160516_2130,30,403,400,0,21.5,275,20160516_2139,3963,6.1,1.11
20160516_2200,30,379,375,0,21.4,257,20160516_2209,4094,5.98,1.14
20160516_2230,30,374,369,0,21.3,250,20160516_2239,4172,5.98,1.15
20160516_2300,30,420,414,0,21.2,275,20160516_2309,4176,5.9,1.17
20160516_2330,30,381,375,0,21.1,248,20160516_2339,4482,6.08,1.18
20160517_0000,30,414,407,0,21.1,267,20160517_0009,4417,5.94,1.19
20160517_0030,30,362,356,0,21.2,233,20160517_0039,4469,5.95,1.2
20160517_0100,30,453,449,0,21.3,304,20160517_0109,4601,5.87,1.23
20160517_0130,30,517,513,0,21.4,357,20160517_0139,4884,5.73,1.28
20160517_0200,30,535,531,0,21.5,370,20160517_0209,4502,5.77,1.23
20160517_0230,30,503,500,0,21.6,341,20160517_0239,4838,5.76,1.27
20160517_0300,30,503,500,0,21.6,344,20160517_0309,5413,5.94,1.32
20160517_0330,30,556,553,0,21.5,388,20160517_0339,4932,5.67,1.3
20160517_0400,30,518,513,0,21.4,357,20160517_0409,4521,5.62,1.25
20160517_0430,30,514,509,0,21.3,349,20160517_0439,4539,5.58,1.26
20160517_0500,30,430,423,0,21.2,283,20160517_0509,5063,5.65,1.32
20160517_0530,30,459,452,0,21.1,303,20160517_0539,4715,5.63,1.27
20160517_0600,30,516,510,0,21.1,341,20160517_0609,5602,5.65,1.39
20160517_0630,30,500,493,0,21.2,332,20160517_0639,5966,5.71,1.43
20160517_0700,30,570,564,0,21.3,387,20160517_0709,6298,5.56,1.49
20160517_0730,30,605,602,0,21.4,423,20160517_0739,5828,5.46,1.45
20160517_0800,30,622,619,0,21.5,438,20160517_0809,5288,5.56,1.36
20160517_0830,30,614,611,0,21.6,425,20160517_0839,6656,5.77,1.5
20160517_0900,30,654,651,0,21.6,456,20160517_0909,6952,5.71,1.54
20160517_0930,30,722,719,0,21.5,511,20160517_0939,7475,5.68,1.61
20160517_1000,30,717,713,0,21.4,507,20160517_1009,7166,5.76,1.56
20160517_1030,30,694,690,0,21.3,481,20160517_1039,7433,5.85,1.58
20160517_1100,30,659,653,0,21.2,446,20160517_1109,6901,5.68,1.54
20160517_1130,30,677,672,0,21.1,458,20160517_1139,7249,5.81,1.56
20160517_1200,30,639,633,0,21.1,428,20160517_1209,8435,5.94,1.66
20160517_1230,30,712,706,0,21.2,484,20160517_1239,7644,5.85,1.6
20160517_1300,30,691,686,0,21.3,475,20160517_1309,7700,5.94,1.59
20160517_1330,30,632,628,0,21.4,444,20160517_1339,7723,5.89,1.6
20160517_1400,30,686,683,0,21.5,486,20160517_1409,7740,5.95,1.59
20160517_1430,30,711,708,0,21.6,498,20160517_1439,7257,5.87,1.55
20160517_1500,30,684,681,0,21.6,479,20160517_1509,6172,5.71,1.46
20160517_1530,30,681,678,0,21.5,482,20160517_1539,7438,5.82,1.58
20160517_1600,30,707,703,0,21.4,498,20160517_1609,7336,5.91,1.56
20160517_1630,30,787,783,0,21.3,551,20160517_1639,7968,5.93,1.62
20160517_1700,30,752,747,0,21.2,515,20160517_1709,8294,5.88,1.66
20160517_1730,30,601,595,0,21.1,402,20160517_1739,8296,5.85,1.67
20160517_1800,30,615,609,0,21.1,411,20160517_1809,7886,5.88,1.62
20160517_1830,30,622,616,0,21.2,418,20160517_1839,7768,5.96,1.59
20160517_1900,30,719,713,0,21.3,496,20160517_1909,7026,5.83,1.53
20160517_1930,30,696,692,0,21.4,490,20160517_1939,6813,5.66,1.54
20160517_2000,30,738,735,0,21.5,522,20160517_2009,6956,5.83,1.53
20160517_2030,30,645,641,0,21.6,447,20160517_2039,6921,5.78,1.53
20160517_2100,30,654,650,0,21.6,455,20160517_2109,5930,5.81,1.41
20160517_2130,30,608,604,0,21.5,425,20160517_2139,5770,5.78,1.4
20160517_2200,30,582,578,0,21.4,406,20160517_2209,6516,6.06,1.45
20160517_2230,30,692,686,0,21.3,477,20160517_2239,6221,5.81,1.44
20160517_2300,30,622,615,0,21.2,416,20160517_2309,6750,5.78,1.51
20160517_2330,30,648,641,0,21.1,434,20160517_2339,7125,5.87,1.54
20160518_0000,30,710,704,0,21.1,481,20160518_0009,6932,5.85,1.52
20160518_0030,30,608,602,0,21.2,403,20160518_0039,8160,5.93,1.64
20160518_0100,30,747,741,0,21.3,517,20160518_0109,7855,5.9,1.61
20160518_0130,30,787,783,0,21.4,558,20160518_0139,7794,5.78,1.62
20160518_0200,30,719,715,0,21.5,508,20160518_0209,6915,5.79,1.53
20160518_0230,30,691,688,0,21.6,481,20160518_0239,8068,5.83,1.64
20160518_0300,30,718,715,0,21.6,501,20160518_0309,8432,6.04,1.65
20160518_0330,30,723,719,0,21.5,511,20160518_0339,8211,5.89,1.65
20160518_0400,30,718,714,0,21.4,507,20160518_0409,7618,5.91,1.58
20160518_0430,30,700,695,0,21.3,487,20160518_0439,7191,5.87,1.54
20160518_0500,30,633,626,0,21.2,424,20160518_0509,8436,6,1.65
20160518_0530,30,691,685,0,21.1,471,20160518_0539,9442,5.93,1.76
20160518_0600,30,680,674,0,21.1,462,20160518_0609,7959,5.87,1.63
20160518_0630,30,841,836,0,21.2,584,20160518_0639,7655,5.65,1.63
20160518_0700,30,870,865,0,21.3,612,20160518_0709,8297,5.87,1.66
20160518_0730,30,895,892,0,21.4,642,20160518_0739,8857,5.72,1.74
20160518_0800,30,818,815,0,21.5,586,20160518_0809,8282,5.78,1.68
20160518_0830,30,718,715,0,21.6,503,20160518_0839,9446,5.93,1.76
20160518_0900,30,845,842,0,21.6,597,20160518_0909,9205,6.06,1.72
20160518_0930,30,804,801,0,21.5,574,20160518_0939,9503,6.04,1.75
20160518_1000,30,801,797,0,21.4,571,20160518_1009,8607,5.96,1.67
20160518_1030,30,794,789,0,21.3,555,20160518_1039,8757,5.97,1.69
20160518_1100,30,754,747,0,21.2,517,20160518_1109,8386,5.97,1.65
20160518_1130,30,767,761,0,21.1,527,20160518_1139,9116,5.96,1.73
20160518_1200,30,765,759,0,21.1,525,20160518_1209,7603,5.94,1.58
20160518_1230,30,745,739,0,21.2,509,20160518_1239,7922,5.82,1.63
20160518_1300,30,781,776,0,21.3,547,20160518_1309,7289,5.7,1.58
20160518_1330,30,726,722,0,21.4,513,20160518_1339,7793,5.91,1.6
20160518_1400,30,693,689,0,21.5,489,20160518_1409,6967,5.92,1.51
20160518_1430,30,745,742,0,21.6,524,20160518_1439,8443,5.96,1.66
20160518_1500,30,728,725,0,21.6,510,20160518_1509,8754,5.98,1.69
20160518_1530,30,718,714,0,21.5,509,20160518_1539,7612,5.95,1.58
20160518_1600,30,668,664,0,21.4,470,20160518_1609,8389,6.03,1.65
20160518_1630,30,727,722,0,21.3,502,20160518_1639,7604,5.98,1.57
20160518_1700,30,575,568,0,21.2,381,20160518_1709,6754,5.99,1.48
20160518_1730,30,602,596,0,21.1,405,20160518_1739,7564,6.03,1.56
20160518_1800,30,556,550,0,21.1,373,20160518_1809,7635,6.27,1.53
20160518_1830,30,715,709,0,21.2,490,20160518_1839,7270,6.03,1.53
20160518_1900,30,700,694,0,21.4,488,20160518_1909,7732,6.14,1.56
20160518_2000,30,696,693,0,21.5,492,20160518_2009,7473,6.23,1.52
20160518_2030,30,648,645,0,21.6,451,20160518_2039,8560,6.31,1.61
20160518_2100,30,659,655,0,21.6,459,20160518_2109,8944,6.35,1.65
20160518_2130,30,764,760,0,21.5,543,20160518_2139,9602,6.53,1.67
20160518_2200,30,768,764,0,21.4,543,20160518_2209,9087,6.41,1.65
20160518_2230,30,801,795,0,21.3,558,20160518_2239,8331,6.38,1.58
20160518_2300,30,680,673,0,21.2,459,20160518_2309,8852,6.32,1.64
20160518_2330,30,637,630,0,21.1,425,20160518_2339,8178,6.52,1.55
20160519_0000,30,655,648,0,21.1,440,20160519_0009,7966,6.29,1.56
20160519_0030,30,646,638,0,21.2,432,20160519_0039,7945,6.34,1.55
20160519_0100,30,735,729,0,21.3,508,20160519_0109,8224,6.28,1.58
20160519_0130,30,736,731,0,21.4,520,20160519_0139,8189,6.17,1.6
20160519_0200,30,719,715,0,21.5,508,20160519_0209,7812,6.17,1.56
20160519_0230,30,691,687,0,21.6,481,20160519_0239,9307,6.25,1.69
20160519_0300,30,702,699,0,21.6,489,20160519_0309,8161,6.05,1.62
20160519_0330,30,697,693,0,21.5,491,20160519_0339,7919,5.87,1.62
20160519_0400,30,735,730,0,21.4,521,20160519_0409,9228,6.14,1.7
20160519_0430,30,720,715,0,21.3,499,20160519_0439,7933,6.06,1.59
20160519_0500,30,683,677,0,21.2,463,20160519_0509,8177,6.05,1.61
20160519_0530,30,607,600,0,21.1,406,20160519_0539,7684,6.06,1.56
20160519_0600,30,679,673,0,21.1,461,20160519_0609,8268,5.97,1.64
20160519_0630,30,680,674,0,21.2,463,20160519_0639,7213,5.83,1.55
20160519_0700,30,731,726,0,21.3,509,20160519_0709,7825,5.96,1.59
20160519_0730,30,717,713,0,21.4,507,20160519_0739,7560,5.87,1.58
20160519_0800,30,761,758,0,21.5,542,20160519_0809,8128,5.99,1.62
20160519_0830,30,751,748,0,21.6,525,20160519_0839,9013,6.11,1.69
20160519_0900,30,768,766,0,21.6,540,20160519_0909,9226,6.02,1.72
20160519_0930,30,755,752,0,21.5,536,20160519_0939,8781,6.07,1.67
20160519_1000,30,770,766,0,21.4,547,20160519_1009,8690,6.22,1.64
20160519_1030,30,644,639,0,21.3,442,20160519_1039,9421,6.18,1.71
20160519_1100,30,685,680,0,21.2,463,20160519_1109,9000,6.28,1.66
20160519_1130,30,621,615,0,21.1,417,20160519_1139,7241,5.95,1.54
20160519_1200,30,697,691,0,21.1,473,20160519_1209,8513,6.24,1.62
20160519_1230,30,665,660,0,21.2,452,20160519_1239,9335,6.28,1.69
20160519_1300,30,643,638,0,21.3,443,20160519_1309,8956,6.3,1.65
20160519_1330,30,644,640,0,21.4,433,20160519_1339,8618,6.4,1.6
20160519_1400,30,591,587,0,21.5,426,20160519_1409,7809,6.22,1.55
20160519_1430,30,602,599,0,21.6,418,20160519_1439,7096,6.05,1.51
20160519_1500,30,556,553,0,21.6,383,20160519_1509,7514,6.32,1.51
20160519_1530,30,585,582,0,21.5,410,20160519_1539,6300,6.1,1.41
20160519_1600,30,546,543,0,21.4,379,20160519_1609,7270,6.38,1.47
20160519_1630,30,519,514,0,21.3,351,20160519_1639,6272,6.05,1.41
20160519_1700,30,508,502,0,21.2,335,20160519_1709,6412,6.14,1.42
20160519_1730,30,506,500,0,21.1,332,20160519_1739,7177,6.36,1.47
20160519_1800,30,417,411,0,21.1,273,20160519_1809,5468,5.95,1.33
20160519_1830,30,431,425,0,21.2,281,20160519_1839,5222,6.1,1.28
20160519_1900,30,530,524,0,21.3,358,20160519_1909,5896,5.86,1.4
20160519_1930,30,518,514,0,21.4,358,20160519_1939,6824,6.24,1.44
20160519_2000,30,580,576,0,21.5,405,20160519_2009,6000,5.96,1.39
20160519_2030,30,543,539,0,21.6,381,20160519_2039,6617,6.01,1.46
20160519_2100,30,569,565,0,21.6,420,20160519_2109,6534,5.92,1.46
20160519_2130,30,630,626,0,21.5,443,20160519_2139,7068,6,1.51
20160519_2200,30,640,635,0,21.4,448,20160519_2209,6609,6.27,1.42
20160519_2230,30,593,588,0,21.3,421,20160519_2239,6897,6.27,1.45
20160519_2300,30,652,645,0,21.2,422,20160519_2309,6657,6.27,1.43
20160519_2330,30,633,626,0,21.1,424,20160519_2339,7597,6.28,1.52
20160520_0000,30,583,575,0,21.1,385,20160520_0009,7711,6.31,1.53
20160520_0030,30,611,604,0,21.2,408,20160520_0039,7911,6.43,1.53
20160520_0100,30,656,650,0,21.3,452,20160520_0109,8505,6.44,1.59
20160520_0130,30,727,723,0,21.4,515,20160520_0139,7675,6.36,1.52
20160520_0200,30,598,594,0,21.5,419,20160520_0209,6910,6.46,1.43
20160520_0230,30,612,608,0,21.6,423,20160520_0239,7727,6.38,1.52
20160520_0300,30,633,630,0,21.6,439,20160520_0309,7683,6.4,1.51
20160520_0330,30,625,621,0,21.5,439,20160520_0339,7133,6.23,1.48
20160520_0400,30,700,696,0,21.4,495,20160520_0409,8311,6.48,1.56
20160520_0430,30,603,598,0,21.3,415,20160520_0439,7746,6.39,1.52
20160520_0500,30,592,586,0,21.2,393,20160520_0509,7154,6.26,1.48
20160520_0530,30,574,568,0,21.1,382,20160520_0539,8039,6.48,1.54
20160520_0600,30,577,570,0,21.1,386,20160520_0609,8182,6.46,1.55
20160520_0630,30,635,629,0,21.2,427,20160520_0639,7848,6.37,1.53
20160520_0700,30,698,692,0,21.3,482,20160520_0709,9050,6.46,1.63
20160520_0730,30,702,698,0,21.4,496,20160520_0739,9532,6.46,1.68
20160520_0800,30,698,694,0,21.5,494,20160520_0809,7551,6.28,1.51
20160520_0830,30,695,692,0,21.6,486,20160520_0839,9485,6.4,1.68
20160520_0900,30,710,707,0,21.6,497,20160520_0909,8276,6.28,1.59
20160520_0930,30,655,651,0,21.5,462,20160520_0939,8814,6.34,1.63
20160520_1000,30,700,696,0,21.4,493,20160520_1009,7350,6.16,1.51
20160520_1030,30,540,535,0,21.3,368,20160520_1039,8125,6.3,1.57
20160520_1100,30,644,639,0,21.2,438,20160520_1109,6936,6.18,1.47
20160520_1130,30,594,588,0,21.1,396,20160520_1139,7710,6.17,1.55
20160520_1200,30,547,542,0,21.1,367,20160520_1209,6546,6.06,1.44
20160520_1230,30,520,514,0,21.2,343,20160520_1239,8060,6.35,1.55
20160520_1300,30,603,598,0,21.3,411,20160520_1309,7389,6.39,1.48
20160520_1330,30,618,615,0,21.4,434,20160520_1339,7956,6.56,1.51
20160520_1400,30,623,619,0,21.5,436,20160520_1409,9201,6.44,1.65
20160520_1430,30,549,546,0,21.6,379,20160520_1439,7913,6.15,1.57
20160520_1500,30,558,555,0,21.6,386,20160520_1509,8812,6.53,1.6
20160520_1530,30,549,545,0,21.5,383,20160520_1539,8417,6.42,1.58
20160520_1600,30,653,650,0,21.4,459,20160520_1609,8298,6.36,1.58
20160520_1630,30,677,674,0,21.2,474,20160520_1639,8279,6.34,1.58
20160520_1730,30,723,717,0,21.1,494,20160520_1739,9283,6.49,1.65
20160520_1800,30,643,636,0,21.1,432,20160520_1809,9614,6.27,1.71
20160520_1830,30,831,826,0,21.2,576,20160520_1839,9377,6.29,1.68
20160520_1900,30,807,802,0,21.3,564,20160520_1909,9270,6.22,1.69
20160520_1930,30,782,779,0,21.4,556,20160520_1939,9375,6.22,1.7
20160520_2000,30,799,796,0,21.5,570,20160520_2009,9644,6.35,1.7
20160520_2030,30,754,751,0,21.6,526,20160520_2039,10386,6.5,1.74
20160520_2100,30,749,746,0,21.6,524,20160520_2109,9982,6.33,1.73
20160520_2130,30,745,741,0,21.5,529,20160520_2139,11118,6.33,1.83
20160520_2200,30,843,840,0,21.4,602,20160520_2209,8889,6.2,1.66
20160520_2230,30,676,672,0,21.3,468,20160520_2239,10612,6.29,1.8
20160520_2300,30,763,758,0,21.2,522,20160520_2309,10007,6.43,1.72
20160520_2330,30,721,715,0,21.1,488,20160520_2339,10271,6.46,1.74
20160521_0000,30,730,724,0,21.1,497,20160521_0009,10483,6.49,1.75
20160521_0030,30,732,726,0,21.2,498,20160521_0039,11247,6.64,1.79
20160521_0100,30,817,812,0,21.3,571,20160521_0109,11510,6.5,1.83
20160521_0130,30,820,816,0,21.4,583,20160521_0139,10175,6.53,1.72
20160521_0200,30,742,739,0,21.5,526,20160521_0209,9333,6.5,1.65
20160521_0230,30,701,698,0,21.6,488,20160521_0239,8665,6.21,1.63
20160521_0300,30,758,755,0,21.6,530,20160521_0309,9194,6.32,1.66
20160521_0330,30,789,786,0,21.5,562,20160521_0339,9300,6.38,1.67
20160521_0400,30,685,681,0,21.4,483,20160521_0409,10151,6.55,1.71
20160521_0430,30,753,748,0,21.3,525,20160521_0439,7720,6.12,1.56
20160521_0500,30,661,655,0,21.2,446,20160521_0509,10169,6.19,1.77
20160521_0530,30,621,615,0,21.1,418,20160521_0539,7783,5.96,1.59
20160521_0600,30,610,604,0,21.1,410,20160521_0609,6745,6.04,1.46
20160521_0630,30,623,617,0,21.2,417,20160521_0639,7139,6.02,1.51
20160521_0700,30,712,707,0,21.3,495,20160521_0709,6543,5.96,1.45
20160521_0730,30,735,731,0,21.4,521,20160521_0739,7438,6.08,1.53
20160521_0800,30,615,612,0,21.5,434,20160521_0809,7909,5.98,1.6
20160521_0830,30,681,678,0,21.6,474,20160521_0839,6923,5.88,1.51
20160521_0900,30,623,620,0,21.6,432,20160521_0909,6762,5.72,1.52
20160521_0930,30,668,664,0,21.5,471,20160521_0939,7941,5.98,1.6
20160521_1000,30,698,694,0,21.4,492,20160521_1009,7821,6.03,1.58
20160521_1030,30,700,696,0,21.3,484,20160521_1039,8554,6.1,1.64
20160521_1100,30,779,774,0,21.2,536,20160521_1109,8579,6.11,1.65
20160521_1130,30,785,780,0,21.1,541,20160521_1139,7791,6.01,1.58
20160521_1200,30,791,786,0,21.1,546,20160521_1209,8376,6.19,1.61
20160521_1230,30,808,803,0,21.2,558,20160521_1239,8469,6.07,1.64
20160521_1300,30,872,868,0,21.3,611,20160521_1309,8905,6.2,1.66
20160521_1330,30,825,822,0,21.4,589,20160521_1339,8588,6.19,1.63
20160521_1400,30,849,846,0,21.5,608,20160521_1409,9704,6.23,1.73
20160521_1430,30,774,772,0,21.6,547,20160521_1439,8294,5.99,1.64
20160521_1500,30,794,791,0,21.6,560,20160521_1509,10318,6.14,1.8
20160521_1530,30,834,831,0,21.5,597,20160521_1539,10227,6.22,1.78
20160521_1600,30,854,851,0,21.4,612,20160521_1609,9612,6.35,1.7
20160521_1630,30,947,943,0,21.3,670,20160521_1639,10965,6.39,1.81
20160521_1700,30,968,964,0,21.2,681,20160521_1709,12105,6.51,1.88
20160521_1730,30,929,925,0,21.1,651,20160521_1739,10311,6.26,1.78
20160521_1800,30,1114,1112,0,21.1,795,20160521_1809,11549,6.33,1.87
20160521_1830,30,956,952,0,21.2,672,20160521_1839,9896,6.03,1.79
20160521_1900,30,1007,1004,0,21.3,717,20160521_1909,11240,6.02,1.9
20160521_1930,30,979,976,0,21.4,704,20160521_1939,12652,6.2,1.99
20160521_2000,30,949,947,0,21.5,683,20160521_2009,11315,6.21,1.87
20160521_2030,30,843,841,0,21.6,596,20160521_2039,10420,6.17,1.8
20160521_2100,30,889,887,0,21.6,629,20160521_2109,11274,6.11,1.89
20160521_2130,30,943,941,0,21.5,677,20160521_2139,10750,6.19,1.82
20160521_2200,30,893,890,0,21.4,639,20160521_2209,11399,6.07,1.91
20160521_2230,30,1019,1015,0,21.3,724,20160521_2239,11506,6.23,1.88
20160521_2300,30,976,971,0,21.2,685,20160521_2309,11333,6.08,1.9
20160521_2330,30,926,921,0,21.1,648,20160521_2339,12704,6.34,1.96
20160522_0000,30,963,959,0,21.1,675,20160522_0009,13365,6.42,1.99
20160522_0030,30,957,953,0,21.2,670,20160522_0039,11403,6.3,1.86
20160522_0100,30,1032,1029,0,21.3,734,20160522_0109,12882,6.32,1.98
20160522_0130,30,985,983,0,21.4,707,20160522_0139,14187,6.6,2.02
20160522_0200,30,925,923,0,21.5,662,20160522_0209,12456,6.42,1.93
20160522_0230,30,906,905,0,21.6,642,20160522_0239,11736,6.39,1.88
20160522_0300,30,920,918,0,21.6,652,20160522_0309,11335,6.4,1.84
20160522_0330,30,828,826,0,21.5,591,20160522_0339,10944,6.37,1.81
20160522_0400,30,884,881,0,21.4,634,20160522_0409,11415,6.37,1.85
20160522_0430,30,854,850,0,21.3,601,20160522_0439,9674,6.2,1.73
20160522_0500,30,777,772,0,21.2,536,20160522_0509,10330,6.41,1.75
20160522_0530,30,810,805,0,21.1,561,20160522_0539,10008,6.28,1.74
20160522_0600,30,755,749,0,21.1,518,20160522_0609,9531,6.22,1.71
20160522_0630,30,894,890,0,21.2,624,20160522_0639,10148,6.23,1.77
20160522_0700,30,777,772,0,21.3,543,20160522_0709,9284,6.19,1.69
20160522_0730,30,847,844,0,21.4,604,20160522_0739,10660,6.32,1.8
20160522_0800,30,843,841,0,21.5,605,20160522_0809,10479,6.13,1.81
20160522_0830,30,813,811,0,21.6,573,20160522_0839,11955,6.53,1.86
20160522_0900,30,830,828,0,21.6,587,20160522_0909,11588,6.44,1.85
20160522_0930,30,797,795,0,21.5,570,20160522_0939,11248,6.33,1.84
20160522_1000,30,825,822,0,21.4,588,20160522_1009,11151,6.45,1.81
20160522_1030,30,737,732,0,21.3,512,20160522_1039,11861,6.45,1.87
20160522_1100,30,846,841,0,21.2,587,20160522_1109,13372,6.75,1.93
20160522_1130,30,678,672,0,21.1,459,20160522_1139,11669,6.56,1.84
20160522_1200,30,734,728,0,21.1,502,20160522_1209,10950,6.6,1.77
20160522_1230,30,818,812,0,21.2,565,20160522_1239,11974,6.52,1.87
20160522_1300,30,796,791,0,21.3,555,20160522_1309,11589,6.6,1.82
20160522_1330,30,775,771,0,21.4,550,20160522_1339,12683,6.67,1.9
20160522_1400,30,787,784,0,21.5,562,20160522_1409,11429,6.58,1.81
20160522_1430,30,780,778,0,21.6,549,20160522_1439,12925,6.65,1.92
20160522_1500,30,757,754,0,21.6,533,20160522_1509,12391,6.76,1.86
20160522_1530,30,845,843,0,21.5,605,20160522_1539,13695,6.81,1.95
20160522_1600,30,825,822,0,21.4,588,20160522_1609,12766,6.79,1.88
20160522_1630,30,777,773,0,21.3,542,20160522_1639,10611,6.59,1.75
20160522_1700,30,747,742,0,21.2,511,20160522_1709,9467,6.6,1.64
20160522_1730,30,759,754,0,21.1,521,20160522_1739,9669,6.58,1.66
20160522_1800,30,835,830,0,21.1,578,20160522_1809,10661,6.69,1.73
20160522_1830,30,779,774,0,21.2,534,20160522_1839,12533,6.59,1.9
20160522_1900,30,983,979,0,21.3,697,20160522_1909,11880,6.78,1.81
20160522_1930,30,940,937,0,21.4,674,20160522_1939,11657,6.63,1.82
20160522_2000,30,902,900,0,21.5,648,20160522_2009,10255,6.58,1.71
20160522_2030,30,928,926,0,21.6,660,20160522_2039,13749,6.49,2.01
20160522_2100,30,929,926,0,21.6,658,20160522_2109,14391,6.42,2.07
20160522_2130,30,1021,1019,0,21.5,735,20160522_2139,17955,6.72,2.24
20160522_2200,30,1125,1122,0,21.4,816,20160522_2209,17219,6.7,2.2
20160522_2230,30,1149,1146,0,21.3,823,20160522_2239,19347,6.82,2.31
20160522_2300,30,1166,1162,0,21.2,832,20160522_2309,17633,6.65,2.24
20160522_2330,30,1161,1158,0,21.1,829,20160522_2339,16893,6.77,2.17
20160523_0000,30,1105,1101,0,21.1,785,20160523_0009,19295,6.88,2.29
20160523_0030,30,1008,1003,0,21.2,710,20160523_0039,18230,6.69,2.15
20160523_0100,30,1219,1216,0,21.3,877,20160523_0109,17726,6.55,2.27
20160523_0130,30,1178,1176,0,21.4,855,20160523_0139,16771,6.81,2.15
20160523_0200,30,1096,1094,0,21.5,793,20160523_0209,17227,6.56,2.24
20160523_0230,30,978,976,0,21.6,696,20160523_0239,18341,6.96,2.22
20160523_0300,30,955,953,0,21.6,679,20160523_0309,17598,6.9,2.2
20160523_0330,30,989,986,0,21.5,712,20160523_0339,17140,6.87,2.17
20160523_0400,30,988,985,0,21.4,711,20160523_0409,16841,6.99,2.13
20160523_0430,30,921,917,0,21.3,654,20160523_0439,17929,7.12,2.17
20160523_0500,30,899,894,0,21.2,627,20160523_0509,11770,6.78,1.81
20160523_0530,30,863,857,0,21.1,600,20160523_0539,11544,6.76,1.79
20160523_0600,30,822,817,0,21.1,570,20160523_0609,10642,6.54,1.76
20160523_0630,30,752,746,0,21.2,514,20160523_0639,10553,6.48,1.76
20160523_0700,30,873,868,0,21.3,614,20160523_0709,11971,6.68,1.84
20160523_0730,30,820,817,0,21.4,584,20160523_0739,12791,6.75,1.89
20160523_0800,30,777,774,0,21.5,554,20160523_0809,12079,6.74,1.83
20160523_0830,30,742,738,0,21.6,519,20160523_0839,10744,6.64,1.75
20160523_0900,30,671,668,0,21.6,467,20160523_0909,10419,6.58,1.73
20160523_0930,30,696,693,0,21.5,493,20160523_0939,9075,6.66,1.6
20160523_1000,30,648,644,0,21.4,457,20160523_1009,10705,6.76,1.72
20160523_1030,30,662,657,0,21.3,456,20160523_1039,10674,6.87,1.7
20160523_1100,30,603,597,0,21.2,402,20160523_1109,9675,6.94,1.61
20160523_1130,30,559,553,0,21.1,371,20160523_1139,10493,6.87,1.69
20160523_1200,30,610,603,0,21.1,407,20160523_1209,9993,6.88,1.65
20160523_1230,30,623,616,0,21.2,418,20160523_1239,9433,6.76,1.62
20160523_1300,30,697,692,0,21.3,481,20160523_1309,9560,6.63,1.65
20160523_1330,30,652,648,0,21.4,458,20160523_1339,8746,6.83,1.55
20160523_1400,30,696,692,0,21.5,493,20160523_1409,7929,6.71,1.49
20160523_1430,30,622,619,0,21.6,430,20160523_1439,7140,6.42,1.45
20160523_1500,30,603,599,0,21.6,419,20160523_1509,7629,6.43,1.5
20160523_1530,30,593,589,0,21.5,417,20160523_1539,7716,6.39,1.52
20160523_1600,30,568,564,0,21.4,396,20160523_1609,8728,6.64,1.57
20160523_1630,30,583,578,0,21.3,399,20160523_1639,7002,6.24,1.46
20160523_1700,30,552,545,0,21.2,368,20160523_1709,9044,6.68,1.6
20160523_1730,30,549,542,0,21.1,361,20160523_1739,6337,6.38,1.37
20160523_1800,30,574,567,0,21.1,383,20160523_1809,6290,6.34,1.37
20160523_1830,30,589,582,0,21.2,392,20160523_1839,6232,6.23,1.38
20160523_1900,30,557,551,0,21.3,378,20160523_1909,6514,6.35,1.4
20160523_1930,30,547,542,0,21.4,379,20160523_1939,6765,6.31,1.43
20160523_2000,30,562,558,0,21.5,393,20160523_2009,6261,6.29,1.38
20160523_2030,30,571,567,0,21.6,393,20160523_2039,6767,6.25,1.44
20160523_2100,30,598,594,0,21.6,412,20160523_2109,6035,6.22,1.36
20160523_2130,30,616,612,0,21.5,431,20160523_2139,5700,6.12,1.33
20160523_2200,30,724,721,0,21.4,512,20160523_2209,7881,6.58,1.5
20160523_2230,30,591,586,0,21.3,403,20160523_2239,7911,6.33,1.53
20160523_2300,30,645,639,0,21.2,430,20160523_2309,8150,6.25,1.58
20160523_2330,30,616,610,0,21.1,410,20160523_2339,9568,6.52,1.67
20160524_0000,30,614,608,0,21.1,410,20160524_0009,9633,6.52,1.67
20160524_0030,30,611,605,0,21.2,406,20160524_0039,9322,6.43,1.66
20160524_0100,30,674,669,0,21.3,463,20160524_0109,9536,6.7,1.63
20160524_0130,30,641,636,0,21.4,448,20160524_0139,9322,6.68,1.62
20160524_0200,30,607,603,0,21.5,426,20160524_0209,8342,6.47,1.56
20160524_0230,30,637,634,0,21.6,441,20160524_0239,9266,6.58,1.63
20160524_0300,30,619,616,0,21.6,429,20160524_0309,8294,6.39,1.57
20160524_0330,30,740,737,0,21.5,525,20160524_0339,7553,6.33,1.51
20160524_0400,30,734,730,0,21.4,520,20160524_0409,6912,6.32,1.44
20160524_0430,30,698,693,0,21.3,483,20160524_0439,7792,6.6,1.49
20160524_0500,30,589,583,0,21.2,394,20160524_0509,5951,6.17,1.36
20160524_0530,30,539,533,0,21.1,357,20160524_0539,6405,6.3,1.39
20160524_0600,30,524,518,0,21.1,346,20160524_0609,6432,6.21,1.4
20160524_0630,30,535,528,0,21.2,354,20160524_0639,6873,6.2,1.45
20160524_0700,30,669,664,0,21.3,459,20160524_0709,6123,6.01,1.39
20160524_0730,30,639,635,0,21.4,448,20160524_0739,6826,6.22,1.44
20160524_0800,30,564,560,0,21.5,394,20160524_0809,5824,6.08,1.35
20160524_0830,30,549,546,0,21.6,377,20160524_0839,6069,6.05,1.38
20160524_0900,30,567,564,0,21.6,392,20160524_0909,6422,6.17,1.41
20160524_0930,30,607,603,0,21.5,426,20160524_0939,6732,6.2,1.44
20160524_1000,30,620,617,0,21.4,435,20160524_1009,7001,6.21,1.46
20160524_1030,30,500,495,0,21.3,336,20160524_1039,7425,6.4,1.48
20160524_1100,30,513,507,0,21.2,339,20160524_1109,5844,6.21,1.34
20160524_1130,30,403,397,0,21.1,263,20160524_1139,6974,6.37,1.44
20160524_1200,30,360,354,0,21.1,238,20160524_1209,6864,6.46,1.42
20160524_1230,30,387,381,0,21.2,252,20160524_1239,6123,6.51,1.33
20160524_1300,30,375,370,0,21.3,248,20160524_1309,6665,6.73,1.36
20160524_1330,30,423,419,0,21.4,289,20160524_1339,6001,6.52,1.32
20160524_1400,30,462,458,0,21.5,318,20160524_1409,6107,6.66,1.31
20160524_1430,30,426,422,0,21.6,289,20160524_1439,5960,6.5,1.32
20160524_1500,30,430,427,0,21.6,291,20160524_1509,6847,6.86,1.36
20160524_1530,30,435,431,0,21.5,299,20160524_1539,6247,6.79,1.31
20160524_1600,30,441,437,0,21.4,302,20160524_1609,6353,6.73,1.33
20160524_1630,30,446,441,0,21.3,299,20160524_1639,6278,6.73,1.32
20160524_1700,30,354,348,0,21.2,231,20160524_1709,6814,6.69,1.38
20160524_1730,30,339,333,0,21.1,222,20160524_1739,5330,6.69,1.22
20160524_1800,30,336,330,0,21.1,224,20160524_1809,5893,6.68,1.29
20160524_1830,30,340,333,0,21.2,222,20160524_1839,5785,6.73,1.27
20160524_1900,30,359,354,0,21.3,238,20160524_1909,4602,6.63,1.14
20160524_1930,30,321,316,0,21.4,216,20160524_1939,6061,6.96,1.27
20160524_2000,30,324,319,0,21.5,217,20160524_2009,5893,7.02,1.23
20160524_2030,30,331,327,0,21.6,220,20160524_2039,5643,7.09,1.21
20160524_2100,30,306,302,0,21.6,203,20160524_2109,3981,6.82,1.04
20160524_2130,30,327,322,0,21.5,221,20160524_2139,3869,6.81,1.03
20160524_2200,30,404,399,0,21.4,275,20160524_2209,3898,6.76,1.04
20160524_2230,30,377,372,0,21.3,251,20160524_2239,4704,7.05,1.11
20160524_2300,30,370,364,0,21.2,239,20160524_2309,5375,6.98,1.2
20160524_2330,30,347,341,0,21.1,227,20160524_2339,5403,7,1.2
20160525_0000,30,408,402,0,21.1,268,20160525_0009,6160,7.07,1.27
20160525_0030,30,446,439,0,21.2,289,20160525_0039,5713,6.76,1.26
20160525_0100,30,536,531,0,21.3,361,20160525_0109,7528,6.89,1.43
20160525_0130,30,589,584,0,21.4,409,20160525_0139,8265,7.07,1.47
20160525_0200,30,553,549,0,21.5,385,20160525_0209,7563,6.79,1.44
20160525_0230,30,499,495,0,21.6,338,20160525_0239,8607,6.9,1.53
20160525_0300,30,594,590,0,21.6,410,20160525_0309,6648,6.63,1.37
20160525_0330,30,618,614,0,21.5,433,20160525_0339,7473,6.57,1.46
20160525_0400,30,712,708,0,21.4,502,20160525_0409,8433,6.82,1.52
20160525_0430,30,663,658,0,21.3,456,20160525_0439,8721,6.83,1.54
20160525_0500,30,641,635,0,21.2,431,20160525_0509,8372,6.53,1.55
20160525_0530,30,543,537,0,21.1,361,20160525_0539,6335,6.42,1.37
20160525_0600,30,580,573,0,21.1,386,20160525_0609,7053,6.33,1.46
20160525_0630,30,623,617,0,21.2,419,20160525_0639,7781,6.33,1.53
20160525_0700,30,641,635,0,21.3,440,20160525_0709,7741,6.54,1.49
20160525_0730,30,680,675,0,21.4,480,20160525_0739,9052,6.57,1.61
20160525_0800,30,706,703,0,21.5,501,20160525_0809,7498,6.3,1.51
20160525_0830,30,628,625,0,21.6,436,20160525_0839,7897,6.49,1.52
20160525_0900,30,646,642,0,21.6,451,20160525_0909,7291,6.4,1.47
20160525_0930,30,675,672,0,21.5,477,20160525_0939,8918,6.71,1.58
20160525_1000,30,689,686,0,21.4,486,20160525_1009,7787,6.33,1.53
20160525_1030,30,585,580,0,21.3,399,20160525_1039,6472,6.33,1.4
20160525_1100,30,574,568,0,21.2,382,20160525_1109,8435,6.57,1.56
20160525_1130,30,602,596,0,21.1,403,20160525_1139,7241,6.25,1.49
20160525_1200,30,498,492,0,21.1,331,20160525_1209,7075,6.58,1.43
20160525_1230,30,470,464,0,21.2,309,20160525_1239,8406,6.79,1.53
20160525_1300,30,532,527,0,21.3,361,20160525_1309,6745,6.63,1.39
20160525_1330,30,446,442,0,21.4,307,20160525_1339,6706,6.64,1.38
20160525_1400,30,477,473,0,21.5,330,20160525_1409,6803,6.71,1.38
20160525_1430,30,471,468,0,21.6,322,20160525_1439,5693,6.62,1.27
20160525_1500,30,429,426,0,21.6,291,20160525_1509,5667,6.32,1.31
20160525_1530,30,500,497,0,21.5,347,20160525_1539,6449,6.55,1.36
20160525_1600,30,501,497,0,21.4,345,20160525_1609,5946,6.35,1.33
20160525_1630,30,443,439,0,21.3,297,20160525_1639,6389,6.32,1.39
20160525_1700,30,450,444,0,21.2,293,20160525_1709,5750,6.27,1.32
20160525_1730,30,404,398,0,21.1,265,20160525_1739,6933,6.64,1.4
20160525_1800,30,434,428,0,21.1,300,20160525_1809,6503,6.28,1.4
20160525_1830,30,483,476,0,21.2,311,20160525_1839,5824,6.15,1.34
20160525_1900,30,484,479,0,21.3,326,20160525_1909,5812,6.2,1.33
20160525_1930,30,494,489,0,21.4,338,20160525_1939,6178,6.14,1.38
20160525_2000,30,528,524,0,21.5,366,20160525_2009,5876,6.26,1.33
20160525_2030,30,442,438,0,21.6,298,20160525_2039,5367,6.17,1.29
20160525_2100,30,457,453,0,21.6,324,20160525_2109,6126,6.31,1.36
20160525_2130,30,507,503,0,21.5,351,20160525_2139,4725,6.22,1.2
20160525_2200,30,577,573,0,21.4,402,20160525_2209,5102,6.52,1.22
20160525_2230,30,549,544,0,21.3,371,20160525_2239,4217,6.18,1.14
20160525_2300,30,596,589,0,21.2,395,20160525_2309,4643,5.86,1.23
20160525_2330,30,514,507,0,21.1,339,20160525_2339,5018,6.04,1.26
20160526_0000,30,581,575,0,21.1,386,20160526_0009,5663,5.99,1.35
20160526_0030,30,688,682,0,21.2,466,20160526_0039,6550,6.15,1.43
20160526_0130,30,821,817,0,21.4,584,20160526_0139,7704,6,1.57
20160526_0200,30,829,826,0,21.5,593,20160526_0209,8486,5.98,1.65
20160526_0230,30,831,828,0,21.6,578,20160526_0239,8176,5.97,1.63
20160526_0300,30,807,804,0,21.5,562,20160526_0309,7308,5.99,1.54
20160526_0330,30,771,763,0,21.3,550,20160526_0339,7127,5.83,1.54
20160526_0336,23,724,722,0,21.1,543,20160526_0339,7127,5.83,1.54
20160526_0400,30,767,764,0,21.4,546,20160526_0409,8474,6.25,1.61
20160526_0430,30,777,774,0,21.3,546,20160526_0439,6771,6.07,1.47
20160526_0500,30,592,587,0,21.2,398,20160526_0509,7130,6.29,1.47
20160526_0530,30,541,535,0,21.1,361,20160526_0539,5723,6.2,1.33
20160526_0600,30,560,554,0,21.1,377,20160526_0609,6276,6.1,1.41
20160526_0630,30,558,552,0,21.2,373,20160526_0639,5645,5.99,1.35
20160526_0700,30,565,560,0,21.3,386,20160526_0709,5558,5.92,1.35
20160526_0730,30,602,599,0,21.4,422,20160526_0739,6098,5.88,1.42
20160526_0800,30,535,532,0,21.5,373,20160526_0809,6273,5.84,1.44
20160526_0830,30,508,505,0,21.6,348,20160526_0839,5177,5.79,1.32
20160526_0900,30,480,477,0,21.6,329,20160526_0909,5094,6.06,1.27
20160526_0930,30,408,404,0,21.5,279,20160526_0939,4952,6.01,1.26
20160526_1000,30,467,463,0,21.4,321,20160526_1009,3989,5.93,1.14
20160526_1030,30,373,368,0,21.3,250,20160526_1039,4358,6.14,1.16
20160526_1100,30,306,301,0,21.2,201,20160526_1109,3720,6,1.09
20160526_1130,30,235,230,0,21.1,159,20160526_1139,3860,6.13,1.1
20160526_1200,30,268,263,0,21.1,180,20160526_1209,3420,5.98,1.05
20160526_1230,30,256,251,0,21.2,167,20160526_1239,3703,6.26,1.06
20160526_1300,30,268,264,0,21.3,177,20160526_1309,3307,6.17,1.01
20160526_1330,30,267,264,0,21.4,179,20160526_1339,3364,6.07,1.03
20160526_1400,30,280,277,0,21.5,187,20160526_1409,3448,6.08,1.04
20160526_1430,30,295,291,0,21.6,195,20160526_1439,3223,6,1.01
20160526_1500,30,282,279,0,21.6,187,20160526_1509,3215,5.91,1.02
20160526_1530,30,277,274,0,21.5,184,20160526_1539,3113,5.96,1
20160526_1600,30,288,284,0,21.4,192,20160526_1609,2950,5.89,0.98
20160526_1630,30,268,264,0,21.3,177,20160526_1639,2843,5.84,0.97
20160526_1700,30,274,270,0,21.2,178,20160526_1709,3365,6.01,1.03
20160526_1730,30,246,241,0,21.1,165,20160526_1739,3352,6.04,1.03
20160526_1800,30,277,272,0,21.1,187,20160526_1809,3592,6.01,1.07
20160526_1830,30,308,303,0,21.2,200,20160526_1839,3466,5.69,1.09
20160526_1900,30,350,345,0,21.3,232,20160526_1909,3468,5.69,1.08
20160526_1930,30,395,391,0,21.4,268,20160526_1939,2927,5.44,1.02
20160526_2000,30,384,381,0,21.5,261,20160526_2009,3176,5.51,1.06
20160526_2030,30,425,421,0,21.6,285,20160526_2039,3149,5.48,1.06
20160526_2100,30,364,360,0,21.6,243,20160526_2109,2932,5.47,1.02
20160526_2130,30,356,352,0,21.5,242,20160526_2139,2644,5.42,0.97
20160526_2200,30,337,332,0,21.4,226,20160526_2209,2695,5.44,0.98
20160526_2230,30,288,283,0,21.3,191,20160526_2239,2647,5.69,0.95
20160526_2300,30,274,268,0,21.2,177,20160526_2309,2466,5.69,0.91
20160526_2330,30,193,187,0,21.1,130,20160526_2339,2298,5.61,0.89
20160527_0000,30,263,258,0,21.1,175,20160527_0009,2284,5.72,0.88
20160527_0030,30,334,328,0,21.2,216,20160527_0039,2369,5.36,0.93
20160527_0100,30,391,386,0,21.3,261,20160527_0109,2471,5.4,0.95
20160527_0130,30,403,399,0,21.4,276,20160527_0139,2271,5.5,0.9
20160527_0200,30,390,386,0,21.5,265,20160527_0209,2684,5.64,0.96
20160527_0230,30,407,403,0,21.6,273,20160527_0239,2310,5.38,0.91
20160527_0300,30,447,443,0,21.6,303,20160527_0309,2854,5.5,1
20160527_0330,30,401,397,0,21.5,273,20160527_0339,3087,5.34,1.06
20160527_0400,30,430,426,0,21.4,294,20160527_0409,3174,5.38,1.07
20160527_0430,30,376,371,0,21.3,251,20160527_0439,3276,5.49,1.08
20160527_0500,30,384,378,0,21.2,251,20160527_0509,3001,5.37,1.05
20160527_0530,30,421,414,0,21.1,280,20160527_0539,3027,5.47,1.04
20160527_0600,30,411,405,0,21.1,271,20160527_0609,3042,5.42,1.05
20160527_0630,30,338,333,0,21.2,221,20160527_0639,2631,5.4,0.98
20160527_0700,30,337,332,0,21.3,224,20160527_0709,3081,5.33,1.06
20160527_0730,30,406,402,0,21.4,277,20160527_0739,2674,5.08,1.02
20160527_0800,30,435,431,0,21.5,300,20160527_0809,3182,5.31,1.08
20160527_0830,30,402,399,0,21.6,271,20160527_0839,3298,5.24,1.11
20160527_0900,30,456,453,0,21.6,310,20160527_0909,3348,5.29,1.12
20160527_0930,30,400,397,0,21.5,273,20160527_0939,3457,5.21,1.14
20160527_1000,30,376,372,0,21.4,255,20160527_1009,3391,5.23,1.13
20160527_1030,30,386,382,0,21.3,259,20160527_1039,2956,5.36,1.04
20160527_1100,30,316,311,0,21.2,207,20160527_1109,2620,5.19,0.99
20160527_1130,30,291,286,0,21.1,195,20160527_1139,3103,5.26,1.08
20160527_1200,30,218,213,0,21.1,148,20160527_1209,2886,5.47,1.01
20160527_1230,30,218,213,0,21.2,143,20160527_1239,2358,5.51,0.91
20160527_1300,30,279,274,0,21.3,183,20160527_1309,2692,5.41,0.99
20160527_1330,30,382,378,0,21.4,260,20160527_1339,2770,5.33,1.01
20160527_1400,30,408,405,0,21.5,280,20160527_1409,2632,5.24,0.99
20160527_1430,30,406,403,0,21.6,274,20160527_1439,3240,5.51,1.07
20160527_1500,30,422,419,0,21.6,287,20160527_1509,3065,5.35,1.06
20160527_1530,30,446,442,0,21.5,307,20160527_1539,3548,5.56,1.12
20160527_1600,30,451,447,0,21.4,311,20160527_1609,3856,5.65,1.16
20160527_1630,30,471,466,0,21.3,316,20160527_1639,3887,5.49,1.18
20160527_1700,30,357,352,0,21.2,233,20160527_1709,3823,5.46,1.17
20160527_1730,30,309,303,0,21.1,206,20160527_1739,3601,5.32,1.16
20160527_1800,30,391,385,0,21.1,257,20160527_1809,3849,5.47,1.17
20160527_1830,30,350,344,0,21.2,227,20160527_1839,3717,5.6,1.14
20160527_1900,30,378,373,0,21.3,251,20160527_1909,3398,5.63,1.08
20160527_1930,30,425,421,0,21.4,290,20160527_1939,3228,5.6,1.06
20160527_2000,30,374,370,0,21.5,255,20160527_2009,3183,5.43,1.07
20160527_2030,30,383,379,0,21.6,256,20160527_2039,2692,5.52,0.97
20160527_2100,30,352,348,0,21.6,234,20160527_2109,2962,5.65,1.01
20160527_2130,30,292,288,0,21.5,195,20160527_2139,2431,5.43,0.93
20160527_2200,30,306,301,0,21.4,205,20160527_2209,2839,5.63,0.99
20160527_2230,30,279,274,0,21.3,183,20160527_2239,2783,5.59,0.98
20160527_2300,30,220,215,0,21.2,143,20160527_2309,2863,5.72,0.98
20160527_2330,30,203,198,0,21.1,137,20160527_2339,2377,5.38,0.93
20160528_0000,30,190,185,0,21.1,128,20160528_0009,2101,5.67,0.84
20160528_0030,30,224,218,0,21.2,145,20160528_0039,2353,5.93,0.87
20160528_0100,30,241,237,0,21.3,158,20160528_0109,1872,5.83,0.78
20160528_0130,30,265,261,0,21.4,176,20160528_0139,2117,6.03,0.81
20160528_0200,30,274,270,0,21.5,183,20160528_0209,2397,6.1,0.86
20160528_0230,30,341,337,0,21.6,227,20160528_0239,2689,5.98,0.92
20160528_0300,30,321,317,0,21.6,214,20160528_0309,2689,5.86,0.93
20160528_0330,30,362,358,0,21.5,244,20160528_0339,2802,5.86,0.95
20160528_0400,30,347,343,0,21.4,235,20160528_0409,3352,6,1.03
20160528_0430,30,334,329,0,21.3,222,20160528_0439,4246,6.12,1.15
20160528_0500,30,335,329,0,21.2,218,20160528_0509,4797,6.46,1.18
20160528_0530,30,307,301,0,21.1,204,20160528_0539,4366,6.09,1.17
20160528_0600,30,322,316,0,21.1,215,20160528_0609,4572,6.29,1.17
20160528_0630,30,345,339,0,21.2,224,20160528_0639,4953,6.48,1.2
20160528_0700,30,349,344,0,21.3,231,20160528_0709,5059,6.33,1.23
20160528_0730,30,429,425,0,21.4,293,20160528_0739,6039,6.77,1.29
20160528_0800,30,447,443,0,21.5,309,20160528_0809,5687,6.62,1.26
20160528_0830,30,426,423,0,21.6,289,20160528_0839,5382,6.52,1.24
20160528_0900,30,454,450,0,21.6,309,20160528_0909,4674,6.39,1.17
20160528_0930,30,415,411,0,21.5,284,20160528_0939,4653,6.51,1.15
20160528_1000,30,383,379,0,21.4,260,20160528_1009,4469,6.24,1.17
20160528_1030,30,357,353,0,21.3,237,20160528_1039,4937,6.85,1.15
20160528_1100,30,317,312,0,21.2,206,20160528_1109,4264,6.36,1.12
20160528_1130,30,270,264,0,21.1,182,20160528_1139,4222,6.12,1.14
20160528_1200,30,293,288,0,21.1,197,20160528_1209,4257,6.25,1.13
20160528_1230,30,303,298,0,21.2,197,20160528_1239,4086,6.18,1.12
20160528_1300,30,302,298,0,21.3,200,20160528_1309,4383,6.37,1.14
20160528_1330,30,323,320,0,21.4,217,20160528_1339,3822,6.22,1.08
20160528_1400,30,263,260,0,21.5,176,20160528_1409,3980,6.23,1.1
20160528_1430,30,293,290,0,21.6,195,20160528_1439,3811,6.13,1.08
20160528_1500,30,301,298,0,21.6,198,20160528_1509,3557,5.82,1.08
20160528_1530,30,302,299,0,21.5,203,20160528_1539,3665,5.94,1.08
20160528_1600,30,328,324,0,21.4,221,20160528_1609,3742,5.81,1.11
20160528_1630,30,329,324,0,21.3,217,20160528_1639,4175,5.76,1.18
20160528_1700,30,280,275,0,21.2,182,20160528_1709,4381,5.83,1.2
20160528_1730,30,233,229,0,21.1,158,20160528_1739,4425,5.87,1.2
20160528_1800,30,204,200,0,21.1,140,20160528_1809,4283,5.83,1.18
20160528_1830,30,243,239,0,21.2,159,20160528_1839,4069,5.77,1.17
20160528_1900,30,255,250,0,21.3,167,20160528_1909,4202,5.73,1.19
20160528_1930,30,262,258,0,21.4,1.7,20160528_1939,4298,5.93,1.18
20160528_2030,30,275,271,0,21.6,181,20160528_2039,3429,5.78,1.07
20160528_2100,30,264,260,0,21.6,173,20160528_2109,3300,5.89,1.03
20160528_2130,30,196,192,0,21.5,129,20160528_2139,3315,6.19,1.01
20160528_2200,30,182,178,0,21.4,119,20160528_2209,2999,6.18,0.96
20160528_2230,30,157,153,0,21.3,102,20160528_2239,3048,6.23,0.96
20160528_2300,30,152,148,0,21.2,101,20160528_2309,2419,6.04,0.87
20160528_2330,30,131,127,0,21.1,91,20160528_2339,2626,6.19,0.9
20160529_0000,30,125,121,0,21.1,86,20160529_0009,2344,6.47,0.83
20160529_0030,30,134,130,0,21.2,90,20160529_0039,1789,6.08,0.75
20160529_0100,30,192,188,0,21.3,125,20160529_0109,2033,6.17,0.79
20160529_0130,30,223,219,0,21.4,148,20160529_0139,2062,6.51,0.77
20160529_0200,30,240,236,0,21.5,159,20160529_0209,2165,6.3,0.81
20160529_0230,30,284,280,0,21.6,187,20160529_0239,2409,6.38,0.85
20160529_0300,30,291,287,0,21.6,192,20160529_0309,2412,6.43,0.84
20160529_0330,30,255,251,0,21.5,170,20160529_0339,2640,6.2,0.9
20160529_0400,30,285,281,0,21.4,190,20160529_0409,2952,6.35,0.94
20160529_0430,30,224,220,0,21.3,147,20160529_0439,3336,6.51,0.99
20160529_0500,30,216,211,0,21.2,142,20160529_0509,3563,6.46,1.03
20160529_0530,30,190,185,0,21.1,131,20160529_0539,3413,6.62,0.99
20160529_0600,30,208,202,0,21.1,144,20160529_0609,3138,6.54,0.96
20160529_0630,30,244,239,0,21.2,161,20160529_0639,3153,6.71,0.94
20160529_0700,30,232,227,0,21.3,153,20160529_0709,2826,6.34,0.92
20160529_0730,30,253,249,0,21.4,170,20160529_0739,2655,6.53,0.88
20160529_0800,30,213,209,0,21.5,141,20160529_0809,2224,6.45,0.81
20160529_0830,30,199,195,0,21.6,130,20160529_0839,1882,6.46,0.74
20160529_0900,30,185,181,0,21.6,120,20160529_0909,1523,6.12,0.69
20160529_0930,30,171,168,0,21.5,113,20160529_0939,2094,6.4,0.79
20160529_1000,30,151,148,0,21.4,100,20160529_1009,2243,6.36,0.82
20160529_1030,30,114,111,0,21.3,75,20160529_1039,2221,6.51,0.81
20160529_1100,30,132,128,0,21.2,89,20160529_1109,2139,6.56,0.79
20160529_1130,30,126,122,0,21.1,88,20160529_1139,1884,6.27,0.76
20160529_1200,30,112,109,0,21.1,78,20160529_1209,1891,6.25,0.76
20160529_1230,30,96,93,0,21.2,66,20160529_1239,1645,6.34,0.7
20160529_1300,30,88,86,0,21.3,59,20160529_1309,1812,6.44,0.73
20160529_1330,30,91,88,0,21.4,61,20160529_1339,1575,6.42,0.68
20160529_1400,30,67,65,0,21.5,45,20160529_1409,1838,6.7,0.72
20160529_1430,30,65,63,0,21.6,43,20160529_1439,1587,6.79,0.66
20160529_1500,30,82,80,0,21.6,54,20160529_1509,1544,6.75,0.66
20160529_1530,30,120,117,0,21.5,80,20160529_1539,1559,6.9,0.65
20160529_1600,30,128,126,0,21.4,85,20160529_1609,1550,6.72,0.66
20160529_1630,30,115,113,0,21.3,76,20160529_1639,1826,6.97,0.7
20160529_1700,30,110,107,0,21.2,75,20160529_1709,1744,6.87,0.69
20160529_1730,30,110,106,0,21.1,77,20160529_1739,1870,6.98,0.71
20160529_1800,30,132,128,0,21.1,93,20160529_1809,1560,6.7,0.66
20160529_1830,30,128,124,0,21.2,87,20160529_1839,1813,6.83,0.71
20160529_1900,30,131,127,0,21.3,87,20160529_1909,1947,6.77,0.74
20160529_1930,30,121,117,0,21.4,80,20160529_1939,2024,6.97,0.74
20160529_2000,30,102,98,0,21.5,68,20160529_2009,2073,6.86,0.76
20160529_2030,30,83,80,0,21.6,55,20160529_2039,2044,6.92,0.75
20160529_2100,30,107,103,0,21.6,70,20160529_2109,2012,7.04,0.73
20160529_2130,30,132,127,0,21.5,87,20160529_2139,2107,6.94,0.76
20160529_2200,30,119,115,0,21.4,79,20160529_2209,2429,7.14,0.8
20160529_2230,30,106,102,0,21.3,70,20160529_2239,1982,7.09,0.72
20160529_2300,30,103,99,0,21.2,70,20160529_2309,2022,7.09,0.73
20160529_2330,30,95,90,0,21.1,66,20160529_2339,1907,7.08,0.71
20160530_0000,30,86,82,0,21.1,60,20160530_0009,1572,7.09,0.64
20160530_0030,30,76,72,0,21.2,52,20160530_0039,1840,7.28,0.69
20160530_0100,30,71,67,0,21.3,48,20160530_0109,1417,7.43,0.6
20160530_0130,28,44,40,0,21.4,42,20160530_0139,1619,7.32,0.64
20160530_0200,30,44,41,0,21.5,30,20160530_0209,1700,7.43,0.65
20160530_0230,30,61,57,0,21.6,41,20160530_0239,1643,7.36,0.65
20160530_0300,30,56,52,0,21.6,38,20160530_0309,1490,7.42,0.61
20160530_0330,30,61,58,0,21.5,42,20160530_0339,1263,7.35,0.57
20160530_0400,30,72,68,0,21.4,49,20160530_0409,1265,7.54,0.56
20160530_0430,30,71,68,0,21.3,49,20160530_0439,1502,7.73,0.6
20160530_0500,30,76,73,0,21.2,53,20160530_0509,1258,7.59,0.56
20160530_0530,30,79,75,0,21.1,56,20160530_0539,1596,7.59,0.62
20160530_0600,30,70,67,0,21.1,51,20160530_0609,1814,7.59,0.66
20160530_0630,30,65,61,0,21.2,46,20160530_0639,1793,7.45,0.67
20160530_0700,30,76,73,0,21.3,52,20160530_0709,1481,7.83,0.59
20160530_0730,30,74,71,0,21.4,51,20160530_0739,2292,7.71,0.74
20160530_0800,30,77,74,0,21.5,53,20160530_0809,1705,7.68,0.64
20160530_0830,30,60,58,0,21.6,42,20160530_0839,1897,7.82,0.67
20160530_0900,30,68,65,0,21.6,46,20160530_0909,1812,7.49,0.67
20160530_0930,30,89,86,0,21.5,60,20160530_0939,1829,7.57,0.67
20160530_1000,30,93,90,0,21.4,63,20160530_1009,2075,7.63,0.71
20160530_1030,30,114,111,0,21.3,77,20160530_1039,2149,7.75,0.72
20160530_1100,30,104,101,0,21.2,72,20160530_1109,2064,7.77,0.7
20160530_1130,30,81,78,0,21.1,58,20160530_1139,2530,7.79,0.77
20160530_1200,30,90,86,0,21.1,64,20160530_1209,1929,7.76,0.68
20160530_1230,30,78,75,0,21.2,54,20160530_1239,2177,8.08,0.7
20160530_1300,30,77,75,0,21.3,52,20160530_1309,2092,8.04,0.69
20160530_1330,30,60,58,0,21.4,41,20160530_1339,2178,8.15,0.7
20160530_1400,30,43,41,0,21.5,30,20160530_1409,2294,8.79,0.69
20160530_1430,30,37,35,0,21.6,26,20160530_1439,2242,8.5,0.69
20160530_1500,30,37,35,0,21.6,26,20160530_1509,2236,8.69,0.68
20160530_1530,30,45,43,0,21.5,31,20160530_1539,2665,8.73,0.74
20160530_1600,30,50,48,0,21.4,35,20160530_1609,2218,8.46,0.69
20160530_1630,30,58,55,0,21.3,39,20160530_1639,2145,8.46,0.68
20160530_1700,30,60,57,0,21.2,42,20160530_1709,1684,7.76,0.63
20160530_1730,30,78,75,0,21.1,55,20160530_1739,1800,7.92,0.65
20160530_1800,30,66,63,0,21.1,47,20160530_1809,1992,7.66,0.69
20160530_1830,30,85,82,0,21.2,59,20160530_1839,2173,7.62,0.73
20160530_1900,30,103,99,0,21.3,68,20160530_1909,1969,7.3,0.71
20160530_1930,30,99,96,0,21.4,66,20160530_1939,1812,7.54,0.67
20160530_2000,30,87,84,0,21.5,58,20160530_2009,2289,7.61,0.75
20160530_2030,30,80,77,0,21.6,53,20160530_2039,2067,7.73,0.7
20160530_2100,30,77,74,0,21.6,52,20160530_2109,2181,7.59,0.73
20160530_2130,30,103,100,0,21.5,68,20160530_2139,1927,7.07,0.71
20160530_2200,30,138,135,0,21.4,91,20160530_2209,2060,6.76,0.76
20160530_2230,30,143,140,0,21.3,94,20160530_2239,2324,6.93,0.79
20160530_2300,30,150,146,0,21.2,101,20160530_2309,2284,6.07,0.84
20160530_2330,30,192,188,0,21.1,134,20160530_2339,2746,6.38,0.9
20160531_0000,30,193,189,0,21.1,135,20160531_0009,2682,5.86,0.93
20160531_0030,30,278,273,0,21.2,182,20160531_0039,2923,5.83,0.98
20160531_0100,30,285,280,0,21.3,187,20160531_0109,3145,5.7,1.02
20160531_0130,30,335,331,0,21.4,225,20160531_0139,2856,5.68,0.98
20160531_0200,30,403,400,0,21.5,275,20160531_0209,3320,5.61,1.06
20160531_0230,30,441,438,0,21.6,299,20160531_0239,3233,5.76,1.03
20160531_0300,30,470,467,0,21.6,320,20160531_0309,3402,5.5,1.09
20160531_0330,30,479,476,0,21.5,331,20160531_0339,3623,5.93,1.08
20160531_0400,30,535,531,0,21.4,371,20160531_0409,3976,5.55,1.16
20160531_0430,30,567,562,0,21.3,386,20160531_0439,4145,5.41,1.22
20160531_0500,30,526,520,0,21.2,348,20160531_0509,4047,5.37,1.22
20160531_0530,30,632,627,0,21.1,428,20160531_0539,4872,5.49,1.32
20160531_0600,30,594,588,0,21.1,398,20160531_0609,4470,5.44,1.27
20160531_0630,30,803,798,0,21.2,557,20160531_0639,5238,5.5,1.37
20160531_0700,30,762,757,0,21.3,530,20160531_0709,5410,5.48,1.4
20160531_0730,30,745,741,0,21.4,527,20160531_0739,5452,5.56,1.39
20160531_0800,30,802,799,0,21.5,573,20160531_0809,6190,5.73,1.46
20160531_0830,30,725,722,0,21.6,508,20160531_0839,6190,5.81,1.44
20160531_0900,30,738,735,0,21.6,519,20160531_0909,6453,5.95,1.46
20160531_0930,30,770,767,0,21.5,550,20160531_0939,8006,6.14,1.59
20160531_1000,30,904,901,0,21.4,649,20160531_1009,7709,6.04,1.58
20160531_1030,30,892,888,0,21.3,629,20160531_1039,7507,6.02,1.56
20160531_1100,30,947,944,0,21.2,669,20160531_1109,8104,6.01,1.62
20160531_1130,30,886,882,0,21.1,619,20160531_1139,9830,6.07,1.78
20160531_1200,30,992,989,0,21.1,702,20160531_1209,8704,5.98,1.69
20160531_1230,30,968,964,0,21.2,683,20160531_1239,8074,5.89,1.64
20160531_1300,30,1000,996,0,21.3,710,20160531_1309,7437,5.74,1.59
20160531_1330,30,838,835,0,21.4,598,20160531_1339,7690,6.04,1.57
20160531_1400,30,794,791,0,21.5,568,20160531_1409,6889,5.99,1.49
20160531_1430,30,804,802,0,21.6,568,20160531_1439,7410,5.97,1.55
20160531_1500,30,703,701,0,21.6,491,20160531_1509,6324,5.96,1.43
20160531_1530,30,752,750,0,21.5,536,20160531_1539,6818,6.08,1.47
20160531_1600,30,764,761,0,21.4,541,20160531_1609,7559,6.05,1.56
20160531_1630,30,776,771,0,21.3,539,20160531_1639,6930,6.19,1.47
20160531_1700,30,784,779,0,21.2,541,20160531_1709,7540,6.12,1.54
20160531_1730,30,792,787,0,21.1,547,20160531_1739,7526,5.79,1.59
20160531_1800,30,828,823,0,21.1,574,20160531_1809,8764,6.12,1.67
20160531_1830,30,860,855,0,21.2,597,20160531_1839,8755,6.14,1.66
20160531_1900,30,920,916,0,21.3,649,20160531_1909,9349,6.01,1.74
20160531_1930,30,872,868,0,21.4,622,20160531_1939,9973,6.07,1.79
20160531_2000,30,904,902,0,21.5,650,20160531_2009,8779,5.88,1.71
20160531_2030,30,842,839,0,21.6,594,20160531_2039,8435,5.81,1.69
20160531_2100,30,764,761,0,21.6,539,20160531_2109,7818,5.8,1.63
20160531_2130,30,823,821,0,21.5,589,20160531_2139,7849,5.89,1.62
20160531_2200,30,924,921,0,21.4,661,20160531_2209,8153,5.96,1.64
20160531_2230,30,1026,1022,0,21.3,731,20160531_2239,9862,5.89,1.81
20160531_2300,30,1012,1007,0,21.2,715,20160531_2309,9379,5.98,1.75
20160531_2330,30,927,922,0,21.1,650,20160531_2339,8402,5.73,1.7
